id,object_nonce_id,nickname,title,create_time,read_count,like_count,fav_count,forward_count,comment_count,full_url,decode_key
14953199773976172960,2104082471637819726_0_0_2_0_1782639152113555_49bfcbbe-72d4-11f1-be41-ad45086ff910,陈厂长的AI商业论,AI获客的顶级玩法 送才是最高级的卖#AI#AI获客#AI时代#企业AI化改造#企业智能体#企业AI全案落地#陈厂长#陈灏,1782560321,0,34,47,73,45,http://wxapp.tc.qq.com/251/20302/stodownload?encfilekey=rgjNqbibdAo0Vw1UhyBmHZ6sX9zB5eqY5sp6074FPiaVcLwTRDX38pHKRljC6CtUrp1n2TfAv6tZr8pt4Hgia6hDg&bizid=1023&dotrans=0&hy=SH&idx=1&m=&uzid=7a1ac&token=ic1n0xDG6awibmzgzocBKD95OzzR6dBSzCxn5k3LvDPNFnbia0EAVrx9sf3mibHzJqLvufQgcMy4NbKia63ibjiarrDhRRePMcUKib1CmBuwheZ2uYogG27qqnGUQzgPLSibY4e995keDML11JN8EBibNKqvI6aQnqvO5MFXbn3JvXnt9O2Fjqt4tzychSCaViapwvb2vAIlNmjdEHJppajjByCJTFE1Q6K08J3hau2BNjCvG4OvMM&basedata=CAMSBnhXVDExMyI2CgoKBnhXVDExMxAACgoKBnhXVDExMhABCgoKBnhXVDExMRAACgcKA3hBMBAACgcKA3hBMhAA&sign=A9sKc-fMpBe8dsyvk_H1CNzy5r7miFfbwMNL5wIgWBDh990tNklmDhI4WaxgFQ0c1xONAWy0UgO7qwxAOGYQrw&extg=874a00&ftype=631&svrbypass=AAuL%2FQsFAAABAAAAAAB5Xz1uaR5wMYzXMOpAahAAAADnaHZTnGbFfAj9RgZXfw6Vhe3TnpMQKQpb6IGSgK2T3qz1c%2BYYup3sGwCPc5PU2NMwFZshFDxZ8fs%3D&svrnonce=1782639152,176989356
14952473790871509432,16795898157577316447_0_0_2_0_1782639152113555_49bfcbbe-72d4-11f1-be41-ad45086ff910,陈厂长的AI商业论,AI时代，普通人的赚钱认知#AI#AI时代#赚钱思维#商业认知#企业AI化改造#企业智能体#企业AI全案落地#陈厂长,1782473777,0,20,31,40,17,http://wxapp.tc.qq.com/251/20302/stodownload?encfilekey=rgjNqbibdAo35CFCEpe2wpgL75GhShVn8HfqouSTE4ajCrQfCRico5kR24dPA4s6Z57OpUsZtE1qTtI1Glqed3JQ&bizid=1023&dotrans=0&hy=SH&idx=1&m=&uzid=7a1f2&token=ic1n0xDG6awibmzgzocBKD94SYcjPF9yeeODPpl8syb7jGsqa8C8NJHwQcfu9hqDeMR8gS55DgtzrWYemG3rjfMafd8vBShqJw8Ukwic0fNiaqIDgsxibe2FOhJLG0eU00zWRQ8QPab8bTYRdC3VKtx81Dtgia7ywd8uriavypwAzDtHl5ibrEwgEtU25BunDMD5FsKHqVAUtNmeZibEraHRyxPFLHBTCMbeyqRKRKXJcMiaVxCIM&basedata=CAMSBnhXVDExMyI2CgoKBnhXVDExMxAACgoKBnhXVDExMhABCgoKBnhXVDExMRAACgcKA3hBMBAACgcKA3hBMhAA&sign=MEZoNqOHEoakTJLiyGI05JHfOiGqT8_be4lIUcwctv5UYadRi0I6PB9SmHxkJk5g-UHPynBBQdXjvhXGkdD0lw&extg=474a00&ftype=631&svrbypass=AAuL%2FQsFAAABAAAAAAClnh8WmG3B%2Fs%2FwMOpAahAAAADnaHZTnGbFfAj9RgZXfw6Vhe3TnpMQKRJbrOqdicCR3qz1c%2BYYup3sG5IeLgyZpYOSE8qDyWA8eKY%3D&svrnonce=1782639152,547278727
14951736583370774928,16113340328011464087_0_0_2_0_1782639152113555_49bfcbbe-72d4-11f1-be41-ad45086ff910,陈厂长的AI商业论,AI时代的赚钱认知#AI#AI时代#赚钱思维#商业认知#智能体#企业AI化改造#企业智能体#企业AI全案落地#陈厂长#陈灏,1782385895,0,58,65,103,73,http://wxapp.tc.qq.com/251/20302/stodownload?encfilekey=rgjNqbibdAo3A3zaYzA2EibfRDTr0FBc55vS3AXeTluXXaCGFxQeoZic2QiaaGpPzvlLU7qyYNibmuvVov7BHzqB9iaA&bizid=1023&dotrans=0&hy=SH&idx=1&m=&uzid=7a22e&token=ic1n0xDG6awibmzgzocBKD97w1fNibtsvrHDun3CpTO5KCbmriams0hCEytN9IdwliaKuyU3vvasLv6aAImnrial6RDrXZYDJUHZE7ZSF3FbZdtG9DC189sQB6OSHuK5f4JvQq0wZoXyQVmjqWLJHWHNaibRCQhN4373nX0o8eIlibrF0t1ffY6x0amq8Uo8Fq6OQ6PA0m7yialbfd90dcFSRcdQ3XXSqEMUteyNxMbrIiaZCksNQ&basedata=CAMSBnhXVDExMyI2CgoKBnhXVDExMxAACgoKBnhXVDExMhABCgoKBnhXVDExMRAACgcKA3hBMBAACgcKA3hBMhAA&sign=LAeCyhswzXLq26mZIR8LoIlCljjhjRb7qH63TwQPtpmHZdTfheNzZPu6qiYaVixPdu90idMISe_dwXYo9iYp3A&extg=874a00&ftype=631&svrbypass=AAuL%2FQsFAAABAAAAAACVyNac89R2M7bUMOpAahAAAADnaHZTnGbFfAj9RgZXfw6Vhe3TnpMQKTpbwOPV2fnu3qz1c%2BYYup3sG6YnNuNEIUfFWwHIqTe85vc%3D&svrnonce=1782639152,348241503
14951047029153012120,16956191721433666540_0_0_2_0_1782639152113555_49bfcbbe-72d4-11f1-be41-ad45086ff910,陈厂长的AI商业论,AI时代，普通人赚钱最快的方式#AI#AI智能体#赚钱思维#AI创业#商业认知#企业AI化改造#企业智能体#企业AI全案落地#陈厂长,1782303694,0,94,121,197,158,http://wxapp.tc.qq.com/251/20302/stodownload?encfilekey=rgjNqbibdAo1dDaFlRZLM2yj8MicgJEAibJ23CeCmDLp3YpjFv10NThVibxQSAa2fttGGtKaHykRHxiaWibPtwh7Rb7g&bizid=1023&dotrans=0&hy=SH&idx=1&m=&uzid=7a22e&token=ic1n0xDG6awibmzgzocBKD98J32cE1co0sp4Qwgb8zSu50G1y6JGb8hWHUkhGiafCB2tcaScIGbVH4R1K7FnrrogdEAJ3enZVRm4ibeHSbgicDjibicZul1wicEtl1ny529JQdAPISHUicZibExtMicMbOGUxVbd65C6BVMrXNx3lic9l47GPmdsLmQbhGPznrjH1vnXz0yVeEQmTuDzvndpYJv85kiboicWdDcbsyTJWq5QJr7NuDdj0&basedata=CAMSBnhXVDExMyI2CgoKBnhXVDExMxAACgoKBnhXVDExMhABCgoKBnhXVDExMRAACgcKA3hBMBAACgcKA3hBMhAA&sign=kmsZ0i9s72uZF8gFGdEsvgI6iLqNX_UJrlqcbOyaglzTdB4tDGrTozs_BudsanWuLFTheq0IWfL7sRcXt9P6BA&extg=874a00&ftype=631&svrbypass=AAuL%2FQsFAAABAAAAAACU35Ifiisv5r7UMOpAahAAAADnaHZTnGbFfAj9RgZXfw6Vhe3TnpMQKTJbkL3jvoTv3qz1c%2BYYup3sG79QS89Sjf3NiJkSRD9Bg7A%3D&svrnonce=1782639152,497957736
14950314927730530724,10741743959570377230_0_0_2_0_1782639152113555_49bfcbbe-72d4-11f1-be41-ad45086ff910,陈厂长的AI商业论,低级的商业：解决痛点；高级的商业：贩卖向往#知识付费#商业认知#商业思维#AI#卖课#个人ip#AI时代#企业AI化改造#企业智能体#企业AI全案落地#陈厂长#陈灏,1782216421,0,28,38,56,29,http://wxapp.tc.qq.com/251/20302/stodownload?encfilekey=rgjNqbibdAo0zKBgveRv6l3tjMwbRUy6kY9fB6fL0kt5L7niaqdwQwg4a1VTpyoHKoFibTfnib6rRTPN4mysOYqicFw&bizid=1023&dotrans=0&hy=SH&idx=1&m=&uzid=7a170&token=ic1n0xDG6awibmzgzocBKD95ibW3M6QpQyXZOKHiaHia825fH7NdOgryjzRTZM2hX4W8CueUQBlsIodFrEJqbtpJN4mFrH0Z22pyrsibBaekwp0Jq88wJHfvdtLib9icFfVbpEKlQyb0wZ6ry4xUgJb8ek6myRTPoZTdXgJfhMW10YGG5LCd0ouibvym5qbicCJOJWRDb8DqMGFic8iaDicjVG2icgW2OsfvL9UkOZtl1aa2G5u0T64mw&basedata=CAMSBnhXVDExMyI2CgoKBnhXVDExMxAACgoKBnhXVDExMhABCgoKBnhXVDExMRAACgcKA3hBMBAACgcKA3hBMhAA&sign=PV79sbYBy2g8ywAM5C-NwzISX6aa2o3upn8z5FQFvIGnqNqw1YjmQuOZSxLpIhIgjNj1uwNy2YEcfkIfTy8sZw&extg=874a00&ftype=631&svrbypass=AAuL%2FQsFAAABAAAAAABFjSLyEUtetCFPMOpAahAAAADnaHZTnGbFfAj9RgZXfw6Vhe3TnpMQKQ5buOfl%2Bbrs3qz1c%2BYYup3sG4zjfJbgtsE3Cgi8r1TJvlo%3D&svrnonce=1782639152,292469235
14949575910322149785,16378218643953105975_0_0_2_0_1782639152113555_49bfcbbe-72d4-11f1-be41-ad45086ff910,陈厂长的AI商业论,公司越大，老板听到的真话越少，一套AI，四块屏幕，彻底解决#AI#企业AI化改造#企业智能体#企业AI全案落地#陈厂长#陈灏#AI时代#CEO驾驶舱,1782128323,0,22,27,63,20,http://wxapp.tc.qq.com/251/20302/stodownload?encfilekey=rgjNqbibdAo3HNTGUx5n99EYWw289cBld2wdsNm78fWrLrre20otF0OMcslmdFoZ5IKn92kf4qMUia5HwpibztiaNw&bizid=1023&dotrans=0&hy=SH&idx=1&m=&uzid=7a2b0&token=ic1n0xDG6awibmzgzocBKD96triaBT696QcbtKBAz0m7x2A99lQkibExmmicRTeJAT0ECKFgSwvc8AwtapxuemXqmQ2VGoq1lxlAD1vticwxibpRkT7BibJylAz5icu0KiaaicB9O80ss2o9EE1iaFX5JicWjsMmvpZZy5EcgUTic3yGqhWpLVfrsiapdJWN8wW2aqe4kz0Scy6Kvib0LJ5I3KcdFHduqAHx9yW2pht0lTenfOqUy1SaiaxY&basedata=CAMSBnhXVDExMyI2CgoKBnhXVDExMxAACgoKBnhXVDExMhABCgoKBnhXVDExMRAACgcKA3hBMBAACgcKA3hBMhAA&sign=jb-ofk9xJxHNSEb2Q_KV67X7msPfVVARcj4hhb56F_i43kZCHUV7VCaKffcrP-o0z9lhCov_2KZHqFeil8NBjg&extg=874a00&ftype=631&svrbypass=AAuL%2FQsFAAABAAAAAAD5%2BgusGI0vmDIlMOpAahAAAADnaHZTnGbFfAj9RgZXfw6Vhe3TnpMQKTNbqJDK%2FdLq3qz1c%2BYYup3sGyV8j6kqEbVnCeJHz0jVfnM%3D&svrnonce=1782639152,963914481
14948106880923408814,13677642423757803210_0_0_2_0_1782639152113555_49bfcbbe-72d4-11f1-be41-ad45086ff910,陈厂长的AI商业论,AI+身心灵，主动获客的商业模式#AI#身心灵#疗愈赛道#商业模式#商业认知#企业AI化改造#企业智能体#企业AI全案落地#陈厂长,1781953201,0,28,42,47,22,http://wxapp.tc.qq.com/251/20302/stodownload?encfilekey=rgjNqbibdAo1PagWAm6TerLJdLXbA0StdgwK6eJrEvcQ1yYEChibJsiciatNpFDwbXKpgPVyWUpEnViaPsWfsoPG7LA&bizid=1023&dotrans=0&hy=SH&idx=1&m=&uzid=7a152&token=2lt8WBSnjTnD42qTXm8vMcLC53FzPe1gDydN1wNibqlh2GPCvEX3hrrwNa25vqdKlmUZXD1licO3FicWvMqVFPCGdYG5ibibh5XIhshk0P5uKzfdoIgBUHoW6LG6tGXfxVJhd0geccS9MGLESK7nBH0nV7kJibjIBbnAYV0HzIIWxJzgd1xlicP9wc1opNWojLbAjNEToUj4WKTMJNnBErZD3libicVg90BictgooNqD4OfWibTOUE&basedata=CAMSBnhXVDExMyI2CgoKBnhXVDExMxAACgoKBnhXVDExMhABCgoKBnhXVDExMRAACgcKA3hBMBAACgcKA3hBMhAA&sign=q2J2ExTp-oBbFi-HDELt5jmp0XyX9OaVeL3aV2A_4j-qkzDkPGd-HVCnSUT-o6gPfgncACNkgby6MYnhTvPxtw&extg=874a00&ftype=631&svrbypass=AAuL%2FQsFAAABAAAAAAAP7Os0BgHNRewnMOpAahAAAADnaHZTnGbFfAj9RgZXfw6Vhe3TnpMQKQRb0Iu1%2F6Do3qz1c%2BYYup3sG1ZxwVzmV6l3kKoETitb0kM%3D&svrnonce=1782639152,1833973636
14947382101658442136,17010989652991026817_0_0_2_0_1782639152113555_49bfcbbe-72d4-11f1-be41-ad45086ff910,陈厂长的AI商业论,AI时代，卖课老师只有一条路可以走#AI#AI时代#知识付费#卖课#商业认知#企业AI化改造#企业智能体#企业AI全案落地#陈厂长#陈灏,1781866800,0,33,47,98,41,http://wxapp.tc.qq.com/251/20302/stodownload?encfilekey=rgjNqbibdAo0uhanCmeiczGkI5Uw9jvxiaP4IzUU55GHp1lEEQko7pQrhsftp8HAfFNW3CgeiaJufmBm3YuFqebkvg&bizid=1023&dotrans=0&hy=SH&idx=1&m=&uzid=7a1b6&token=2lt8WBSnjTnD42qTXm8vMcZ5Ee32qgcnnhTuWvLiah6ObjfMcO3ZSwUmzibEZicPAfepj0KictQUHMfIB4k3H7Ix7bGGYNLTwK9Lg5SjvsicPIHeJQ8MQnfDDeOTibZtaia3NEye0nuaXCeMg15o9aYHR7x7b2F5j018g3FjpMbqpfDQEZIr4sufJ1mRdNGVstgkeGFlHVBK0z4HRa1H7wKQrzWatx5xSbsPwYH2Lice4haJ99U&basedata=CAMSBnhXVDExMyI2CgoKBnhXVDExMxAACgoKBnhXVDExMhABCgoKBnhXVDExMRAACgcKA3hBMBAACgcKA3hBMhAA&sign=tK4NxZ36yD4MMhyWm1EDIg35omANNdVq6abI3QljsEzCLoIGAsH6WAPJNl59snidNDibqbXNSaTs6X8t9-xGpg&extg=874a00&ftype=631&svrbypass=AAuL%2FQsFAAABAAAAAACs6t%2F5FcKNaycDMOpAahAAAADnaHZTnGbFfAj9RgZXfw6Vhe3TnpMQKTJb1KCo5cfm3qz1c%2BYYup3sG64%2B2MRnDuFBojIToINT%2FeM%3D&svrnonce=1782639152,1860779633
14946662494903736765,8749736844616445139_0_0_2_0_1782639152113555_49bfcbbe-72d4-11f1-be41-ad45086ff910,陈厂长的AI商业论,AI时代，月入百万的赚钱思维#AI#AI时代#赚钱思维#商业认知#商业思维#企业AI化改造#企业智能体#企业AI全案落地#陈厂长,1781781017,0,47,66,67,30,http://wxapp.tc.qq.com/251/20302/stodownload?encfilekey=rgjNqbibdAo0Ew7rG0PHc7ic2IgCqrj1UF6QetOXkiaYHKwaQrrOHzzYfTb55Pp7HKWLh9sxeoMMsjs58zo64lsibQ&bizid=1023&dotrans=0&hy=SH&idx=1&m=&uzid=7a1fc&token=ic1n0xDG6awibmzgzocBKD93A3bPNAgKvDxUNQcX8lg2ibR9wEjWbXGsEphtFv4L94NYagxqWbvPzLf3EB7FWDAy5VksbMVqVCqHkP9ZQ9yqIWfWlWQ85jSjqQZkHoVDkCvy1rw71mpVMH6D6iavfPfgXKtqHnUeXCVfFbPYNm1Rs3r8XoEXCfZe5WDMJj2Fy1RXcHmrvJOVomILFcYYhgpTsf3lQNBMfxBCFQxdial1k1Kk&basedata=CAMSBnhXVDExMyI2CgoKBnhXVDExMxAACgoKBnhXVDExMhABCgoKBnhXVDExMRAACgcKA3hBMBAACgcKA3hBMhAA&sign=BbwL-AgS801hCN6YpRH5wxDkgf6ZpmqrMDFyWf7nKqE5FYgjO43Fxb0Ctcq0IgjOnWZh3tVSaPzJFkQck8JYLA&extg=874a00&ftype=631&svrbypass=AAuL%2FQsFAAABAAAAAAChRBPzUENaC3P3MOpAahAAAADnaHZTnGbFfAj9RgZXfw6Vhe3TnpMQKRdbzKiAtPvn3qz1c%2BYYup3sGwe4uFvshQozquCpQ58YKQA%3D&svrnonce=1782639152,156650903
14945947256133392798,14345320962153673802_0_0_2_0_1782639152113555_49bfcbbe-72d4-11f1-be41-ad45086ff910,陈厂长的AI商业论,AI赚钱就记住一句话#AI#AI时代#陈厂长#商业认知#企业AI化改造#企业AI全案落地#企业智能体,1781695754,0,40,64,43,29,http://wxapp.tc.qq.com/251/20302/stodownload?encfilekey=rgjNqbibdAo1iaVh4aSQvfeLq08ZWZtLPrnfCLUHW4Zf3qe2K6DoJWANTOtiawAdiaaPLcSo8XoPb5lWZYEICaIfTw&bizid=1023&dotrans=0&hy=SH&idx=1&m=&uzid=7a166&token=ic1n0xDG6awibmzgzocBKD9wZnbW9lXGGD58qdQUWPib5p9fkUERw05rr66g9noUgkFZqfdsxfMkoQ40oxSicQC6TuIMPKlh9qSIuTm4g4ZZuMTqbQGgFmicFPCGyLX8qpTIHh205pVVPSpwPYSLJU9dDicibtr4DhbrriagNic0dPB3D78icmtPDIIQYouNor0YCr7JgLMKaibia5nQHIibPFKiaCU9EicZ2CAnXEKB11stI6Niae0NIC4&basedata=CAMSBnhXVDExMyI2CgoKBnhXVDExMxAACgoKBnhXVDExMhABCgoKBnhXVDExMRAACgcKA3hBMBAACgcKA3hBMhAA&sign=uFa-9p03RNP5FABx79M5Ty1S0k-eIaf4_qVQKYbNh4bOfP8uJRI3Cec3I3SfEx67AVIkUrCZvF3DZltiNsahCQ&extg=874a00&ftype=631&svrbypass=AAuL%2FQsFAAABAAAAAAA6PgFWsry0irP7MOpAahAAAADnaHZTnGbFfAj9RgZXfw6Vhe3TnpMQKTRb5LfohZzk3qz1c%2BYYup3sGz27HWq%2B%2FSJz8U4vXVVLTxM%3D&svrnonce=1782639152,563056282
14942366051946928573,1158390199586897881_0_0_2_0_1782639152113555_49bfcbbe-72d4-11f1-be41-ad45086ff910,陈厂长的AI商业论,一个要求每天写日报的公司，全是无效管理，公司只会走下坡路#AI#企业管理#日报#商业#AI管理#企业AI化改造#企业智能体#企业AI全案落地#陈厂长,1781268841,0,21,32,31,23,http://wxapp.tc.qq.com/251/20302/stodownload?encfilekey=rgjNqbibdAo0sfIMmshgu4eoAvUAQEHoexayGlE8bmShpsIiaT9PH03cibjdcwdicz7gqFXuQNjlY6RmTlaT86gWvw&bizid=1023&dotrans=0&hy=SH&idx=1&m=&uzid=7a1ac&token=2lt8WBSnjTnD42qTXm8vMRctIJaoFJMckhsJaHuT1ZnfJNhmVIc5tZYxicg0icfeww5WmTlU5ptEKlAWgMX3PQYczaPaJzYUojmycw2ktcNf32wiarH3tKwqqrJJCAtxydV92qehEBPh8kod9hFgRBXibtQXibzT5jKWIzsUnkOEKC6bpA4KmtlIe97icUmRUh8c2qeBx4icA4yRIK6dicniaGzSxN3qeuLiaDPibsXw3lSOXvTYZo&basedata=CAMSBnhXVDExMyI2CgoKBnhXVDExMxAACgoKBnhXVDExMhABCgoKBnhXVDExMRAACgcKA3hBMBAACgcKA3hBMhAA&sign=CnURRG69mKK_Uz-_mN3Cqlbqr0b7J_NH8aLXzmTjGgWeaRSVCHGb7G0TJbbc25IzTKoy20IsmspcupVhI7LS4A&extg=874a00&ftype=631&svrbypass=AAuL%2FQsFAAABAAAAAAA7Xp%2Fn63U7QcymMOpAahAAAADnaHZTnGbFfAj9RgZXfw6Vhe3TnpMQKRdbwMqLp8r%2F3qz1c%2BYYup3sG4YP%2FXFSke5Ub%2F%2BDCJT6qIo%3D&svrnonce=1782639152,1196928459
14941569347020003769,5086016755466932942_0_0_2_0_1782639152113555_49bfcbbe-72d4-11f1-be41-ad45086ff910,陈厂长的AI商业论, 学会三招，用AI生产高变现的短视频内容#AI#AI时代#AI写文案#企业智能体#企业AI化改造#企业AI全案落地#陈厂长,1781173866,0,79,108,229,100,http://wxapp.tc.qq.com/251/20302/stodownload?encfilekey=rgjNqbibdAo2WD1BosZ9XOzC6T8a1Jr1zshymvKwnb5wLYmdDYvibs1RJQFPZXLyiaMHic7qpTCU42jPKZ5JgKRRzA&bizid=1023&dotrans=0&hy=SH&idx=1&m=&uzid=7a22e&token=2lt8WBSnjTnD42qTXm8vMRWhicXPfGqZuB0bQI3HuDuqqzrdNB5kyA6p2JFVTINelXHmd1a7HYia1hEpibprBfPzc40he6FGpo9P2dbFKkkicO21WicqGicf7EEkKT8rnWosUpdNIGDnEDdebktV4vV42niaicNLcEiayQU38SsuD9UFefNLz8DX2NIfCnqs2CKUbSq4hcTtvHjibYLxFhRaPHhiaEdb9rNLY9tYPwyMCFpiavXibufY&basedata=CAMSBnhXVDExMyI2CgoKBnhXVDExMxAACgoKBnhXVDExMhABCgoKBnhXVDExMRAACgcKA3hBMBAACgcKA3hBMhAA&sign=9aK0SY_z_7HM9w4WNNxWdUZzZ7wvALiPWFhQPrfgqU-G-mLHlvpDYf8XEpPEzQEJBF1p8UEmLT056phZ63_k2Q&extg=874a00&ftype=631&svrbypass=AAuL%2FQsFAAABAAAAAACCevesXxC2yf4AMOpAahAAAADnaHZTnGbFfAj9RgZXfw6Vhe3TnpMQKRNbpOSWuvH83qz1c%2BYYup3sG1%2BQbo5Ou3p57sTa%2BaaZSXM%3D&svrnonce=1782639152,1126408075
14940883440919845278,1368539211076476298_0_0_2_0_1782639152113555_49bfcbbe-72d4-11f1-be41-ad45086ff910,陈厂长的AI商业论,AI小白如何快速搭建自己的AI系统#AI#AI小白#AI时代#企业AI化改造#企业智能体#企业AI全案落地#陈厂长,1781092100,0,218,289,786,373,http://wxapp.tc.qq.com/251/20302/stodownload?encfilekey=rgjNqbibdAo1nvov3c2AxWiaXiaq8jZwialzzpuCp0bcIhvoIicibldkicMBUv4zicdiboMawccjRqFpCN62yCIQGzLtUqw&bizid=1023&dotrans=0&hy=SH&idx=1&m=&uzid=7a1fc&token=ic1n0xDG6awibmzgzocBKD93NEpFBmFokpVTp1FhpncdTAM88rL9d4ia6WPwF0yTZGPmJonmNmwEibADMUnty6vUZBNic4DeRFYUHIDGEmD4AxiafAVceBAnQmah6doITF8d5TtEEIQf8XYOWCvkTicC4cyIBBKGjQsLIdkskZHl0iaV94uAvia0wXm48UPvXn74pKDv81ialVhEavwIJ6pF6vXSiapfcvQYdP7h7A482ka8qNwQmU&basedata=CAMSBnhXVDExMyI2CgoKBnhXVDExMxAACgoKBnhXVDExMhABCgoKBnhXVDExMRAACgcKA3hBMBAACgcKA3hBMhAA&sign=xOmd5z4Qyl9CKC_SYnnHuUlLhZba19h6taWShzqYx3q5RXGwQkrf1LkQuU0lllp_IG07ho2RYz7ISE1ZJwVZdQ&extg=1074a00&ftype=631&svrbypass=AAuL%2FQsFAAABAAAAAACgj%2FA1sNiBaqnNMOpAahAAAADnaHZTnGbFfAj9RgZXfw6Vhe3TnpMQKTRb8I%2FWtZ393qz1c%2BYYup3sG5TY3kJmIi1kVKnmiWQHG8Q%3D&svrnonce=1782639152,772351453
14940140286402566587,8722296735377262222_0_0_2_0_1782639152113555_49bfcbbe-72d4-11f1-be41-ad45086ff910,陈厂长的AI商业论,AI时代，普通人的赚钱逻辑#AI#AI时代#商业#商业认知#企业AI化改造#企业智能体#企业AI全案落地#陈厂长,1781003509,0,95,126,190,98,http://wxapp.tc.qq.com/251/20302/stodownload?encfilekey=rgjNqbibdAo2GpoeYcp06nwxdWVqUBbNrCmAInLYYVx8ECASVKe2LiaUZGSVicUP8BdqenCDlQ4HDF5QDFLQKE5Xg&bizid=1023&dotrans=0&hy=SH&idx=1&m=&uzid=7a166&token=2lt8WBSnjTnD42qTXm8vMSLK5911ibEbQE9l9J86cGI7uSJLExofLiaCqmGLTrwyShFLZgH4wCWZBCXclyxwIkcGRibA4VWYtVX67rn7M6e125qrEKAdRGZBanrSd8nneOtD0eTcZN40gCeyqxQOTbibFFsKdVIVSzljPQjP9LmqpjwXosG8ibtX4jthX44pWeNr07KgqL0pIJziae98HgTTNlpXH1NBggqO6rD72R4Niac6Co&basedata=CAMSBnhXVDExMyI2CgoKBnhXVDExMxAACgoKBnhXVDExMhABCgoKBnhXVDExMRAACgcKA3hBMBAACgcKA3hBMhAA&sign=Q6QidVugSKA-r96OAsxTHN9Qgdmq4sTv77ZXKQLCm5dvm00zp6YeJX4PEWwYOR1_sJ4MAq2MX0AZkChDyOqxYw&extg=874a00&ftype=631&svrbypass=AAuL%2FQsFAAABAAAAAACXmWNFknc9MZRfMOpAahAAAADnaHZTnGbFfAj9RgZXfw6Vhe3TnpMQKRFbwLfgsrT63qz1c%2BYYup3sG%2BVwzygNXUuVk36bSEe9Pvg%3D&svrnonce=1782639152,1482723052
14939415945926482201,60357582697518558_0_0_2_0_1782639152113555_49bfcbbe-72d4-11f1-be41-ad45086ff910,陈厂长的AI商业论,高敏感的人，就是天生智商更高#AI#高敏感#高敏感人群#修行#企业AI化改造#企业智能体#企业AI全案落地#陈厂长,1780917161,0,51,60,35,52,http://wxapp.tc.qq.com/251/20302/stodownload?encfilekey=Cvvj5Ix3eewK0tHtibORqcsqchXNh0Gf3sJcaYqC2rQCtGljdJbCSibwfLO0HlFQjHHMXpe4NibSbib94fjyMCpDERxJ5vucoTKkvt0xlRtJG4X6qLdo80MoCKXMpGJdZMrm&bizid=1023&dotrans=0&hy=SH&idx=1&m=&uzid=7a1ac&token=2lt8WBSnjTnD42qTXm8vMQxZMQ6knGNEa758MccxN84uQfW33hSwaOjlHq7o4GDN8lgia2Dq0hk0eXtXLcOWStv6ic65yyt3bXfibguh3T1QR7LEUa3lKPcuduX8RzibFZ4UCLkCFoSwUemiac0tF93hdKLQOII8ia8GqzgFtWaFrLIjAEzeF8SNVNWbbQiagvKl6uZFz6By5fAePnAicsH6zc1s9hC5RPksht72qGEQqKBI2PQ&basedata=CAMSBnhXVDExMyI2CgoKBnhXVDExMxAACgoKBnhXVDExMhABCgoKBnhXVDExMRAACgcKA3hBMBAACgcKA3hBMhAA&sign=MSdRMA3c1uxsN2PYiol2VRwXguLBB8tqq9sJ3dXPp9QqckqGrTxyrW4M3X2OdAlaVic8tdV2rlHT7TwF5PfXjQ&extg=874a00&ftype=631&svrbypass=AAuL%2FQsFAAABAAAAAAD8arDlyXNOTc%2F2MOpAahAAAADnaHZTnGbFfAj9RgZXfw6Vhe3TnpMQKTNa2P36i%2Bv43qz1c%2BYYup3sG66EDbfkpUFusf9ci3wkCVU%3D&svrnonce=1782639152,1843461755
14938654597416229122,2640471478299166488_0_0_2_0_1782639156628893_4c70c82c-72d4-11f1-abf0-e9a108c7f874,陈厂长的AI商业论,企业AI化改造，老板只需要搞懂一件事#AI#企业AI化改造#企业AI智能体#企业AI全案落地#陈厂长,1780826401,0,45,68,154,18,http://wxapp.tc.qq.com/251/20302/stodownload?encfilekey=Cvvj5Ix3eewK0tHtibORqcsqchXNh0Gf3sJcaYqC2rQDQBjVZW0km4TibNAbm5zTUZNDPIibceFhMD5HjY8AXuxI5iaiaBzumEZxgEIg10FB8pPZ5Hma7h35wco1mXzyde18k&bizid=1023&dotrans=0&hy=SH&idx=1&m=&uzid=7a1ac&token=ic1n0xDG6awibmzgzocBKD92uNfxSZ6QDM5jMY6ia61o1eLNeYJewO4GdeibiakBe1CHPDcpoPgNo1wLSAwB9K2pr1qZ8CAesZibQNPtIA59w5cVGH75qQYCgF9icU2X9IKtkzr5bqqocH0Ekl0hSAdhHgyemWXSPticwh5jMEHq4g05gRaKTy72nGSzo8BribOej0FzkRrz8gyheZUjkRILpsiasxP7CGG7p0dy3eX8kDibzzkVhw&basedata=CAMSBnhXVDExMyI2CgoKBnhXVDExMxAACgoKBnhXVDExMhABCgoKBnhXVDExMRAACgcKA3hBMBAACgcKA3hBMhAA&sign=h28JEoqiSASPvUYba_2fZ_qIdfRjcLIUUJ-1r70VhR14FRyAUkVr0Uyg-1Um9cS1O5-XUH2FXWUawAIYKhfdZQ&extg=874b00&ftype=693&svrbypass=AAuL%2FQsFAAABAAAAAAAfyhfqlui9KDoWNOpAahAAAADnaHZTnGbFfAj9RgZXfw6VeQD%2BgdTm0i1scN0fXOTEupKsjiOdsuVAFmnlqwBZDy33I6olrgEaId4%3D&svrnonce=1782639156,956823860
14937933720514271520,40947773250934244_0_0_2_0_1782639156628893_4c70c82c-72d4-11f1-abf0-e9a108c7f874,陈厂长的AI商业论,我把毛选五卷做成了一个天道竞技场智能体#AI#AI智能体#商业#毛选#企业AI化改造#企业智能体#企业AI全案落地#陈厂长,1780740466,0,28,39,42,50,http://wxapp.tc.qq.com/251/20302/stodownload?encfilekey=Cvvj5Ix3eewK0tHtibORqcsqchXNh0Gf3sJcaYqC2rQAyAicOWJibQ0icUZAyAXRc9uTEOW3GunC7VY4iaYibDDiazZzl8fAgeHULkKJMib0ZQ9ZGuhaXUZuvycITLbOGVyuqyCF&bizid=1023&dotrans=0&hy=SH&idx=1&m=&uzid=7a166&token=2lt8WBSnjTnD42qTXm8vMZsDC1zzKnkIVGrM2CLZ5PpFUjvVEibuGCfZdNyv2bd5kdk8KMEvicbOUfoctdk3euWOJRslk6LpvP58j0AhibTvibKGHNt5icFVOAL5qKEugyibc6lvsDkocFlibGWqYhNYNj1Fg8TdicBSVwPia1QL5DIOQFrdl9RWa3PcblM1QviaibGY9KrzDqEc1YLJtbVib07RnOpLhMGwD2l56s78r0gmbMYJa3k&basedata=CAMSBnhXVDExMyI2CgoKBnhXVDExMxAACgoKBnhXVDExMhABCgoKBnhXVDExMRAACgcKA3hBMBAACgcKA3hBMhAA&sign=9EXJBP1_LcORLpNjOlb8PvG1BFdkVwBZq_zMUTTbyExy9E0IjppK870J1YOSe_TRBrYI5ak2Gy9gWcXQUHjK9g&extg=874b00&ftype=693&svrbypass=AAuL%2FQsFAAABAAAAAAA0gqV1UgE7JJplNOpAahAAAADnaHZTnGbFfAj9RgZXfw6VeQD%2BgdTm0g9sJLt8SNjLupKsjiOdsuVAFjBXv5C2A7tjEueFlutAa%2BI%3D&svrnonce=1782639156,1523064172
14937259753084033274,7461106066298320261_0_0_2_0_1782639156628893_4c70c82c-72d4-11f1-abf0-e9a108c7f874,陈厂长的AI商业论,2020年，短视频操盘手赚疯了，今天成为一个企业AI操盘手，一样的机会#AI操盘手#FDE工程师#AI#AI时代#商业认知#企业AI化改造#企业智能体#企业AI全案落地#陈厂长,1780660123,0,66,119,344,63,http://wxapp.tc.qq.com/251/20302/stodownload?encfilekey=rgjNqbibdAo0A8PqibHbHB7t97gvibvcd3tJSTtHiaBicxUMyhy6j2t88JOvl7EpBib4Dj1RLjVBzGRshgSibwcpaiaCMA&bizid=1023&dotrans=0&hy=SH&idx=1&m=&uzid=7a22e&token=ic1n0xDG6awibmzgzocBKD94kiaibHOg8KgRXFJLGW1eDcZON5ZQhn3wE1lnhH8ibnmOn20RlhrtIMPfv4ojaP7M4jcqmsrhicj3vg9YDtjUMK4qLia6H11KI900wEvKqyBC9picRyGccty8Fjymfa0zCnZOATmGeYUuG7AcxhAKwhRzzg6QxfFic6xNDzlVfZrhNLibiaIXibb5E7Nk2z38m8kkz5UGLvDAJYBzsEJzzxAAAgBIAZY&basedata=CAMSBnhXVDExMyI2CgoKBnhXVDExMxAACgoKBnhXVDExMhABCgoKBnhXVDExMRAACgcKA3hBMBAACgcKA3hBMhAA&sign=WCEM1OE40hz3v0mWpH9pi6uqL9v11WJt4zsFoI6BarfWZOi8DDCbP9hRXsrP7vt4v-RNmm2ruSUfBpziyot0WA&extg=874b00&ftype=693&svrbypass=AAuL%2FQsFAAABAAAAAACDeUQLPN3VOcYMNOpAahAAAADnaHZTnGbFfAj9RgZXfw6VeQD%2BgdTm0lVvMNVnaafJupKsjiOdsuVAFjiIHsYpS5DG5bSeZpP6c%2FI%3D&svrnonce=1782639156,195867427
14936527878133651735,17852361172731862446_0_0_2_0_1782639156628893_4c70c82c-72d4-11f1-abf0-e9a108c7f874,陈厂长的AI商业论,"高灵性的人通过AI修行的三重境界#AI#AI时代#高灵性#修行#企业AI化改造#企业智能体#企业AI全案落地#陈厂长
",1780572876,0,518,561,393,436,http://wxapp.tc.qq.com/251/20302/stodownload?encfilekey=rgjNqbibdAo1CIic3Luywfl6vyogkwHCUYvCovtqR6vRRkB9GF4XhpbAfKyWKtp1tYH9JCpnOEpncXhaicGla4okw&bizid=1023&dotrans=0&hy=SH&idx=1&m=&uzid=7a166&token=2lt8WBSnjTnD42qTXm8vMcCPwHlsguyvkvAlTYB8wwdANbQ7KwzibgD3ias0uqCnPzh5QN5icV353z9dhvUL7lFKbQHUqrJpEhLVAv0K4xorWEj3ktMBNDjwOgJBRu60xswxFHAkqVGP5GgSnj5DLJPF3n1BWKN481oiaQTgBcpoCml2e73G8ULSh95iaobhVocuAFaapNYAXibK1r75wu1CCpnLX22ayOnrYyYB09VqAI3SQ&basedata=CAMSBnhXVDExMyI2CgoKBnhXVDExMxAACgoKBnhXVDExMhABCgoKBnhXVDExMRAACgcKA3hBMBAACgcKA3hBMhAA&sign=MpXwh9NSAFwsmzx4LLBRDOyM0Yu-5jmRU52HAOIlAccunrzOBcbDqzTrarPPdYcgmeVJCF2rh22cS0ghqJHneg&extg=1074b00&ftype=693&svrbypass=AAuL%2FQsFAAABAAAAAAAeppp6hbHFifwiNOpAahAAAADnaHZTnGbFfAj9RgZXfw6VeQD%2BgdTm0jhscLgxJJnIupKsjiOdsuVAFpsxe%2FrgpVitCUb5E74zT%2BI%3D&svrnonce=1782639156,1829103166
14935789786287839508,12131453758876155263_0_0_2_0_1782639156628893_4c70c82c-72d4-11f1-abf0-e9a108c7f874,陈厂长的AI商业论,通过AI修行自己，只需要一支录音笔#AI#修行#企业AI化改造#企业智能体#企业AI全案落地#陈厂长#商业,1780484889,0,149,179,131,219,http://wxapp.tc.qq.com/251/20302/stodownload?encfilekey=Cvvj5Ix3eewK0tHtibORqcsqchXNh0Gf3sJcaYqC2rQBawm8KZNvgXzibqt8u8hHGEuL2icBsp9rnzTlZAeAezCWvtnQ6uSibAS4d7k7ulBSt1tRHZ586OVNsSj668NELQZN&bizid=1023&dotrans=0&hy=SH&idx=1&m=&uzid=7a166&token=AxricY7RBHdXME2bnfdexSgb4FibgficlR3YkQgONC3mvzMT4YLkicfkaeZPrk8O2nkIeO2JNL29YGGvy8Z3HkaqicmBPX4UQaQKM1zoHmko8BJsA5CgOgCu2MzqlmcmynazqfAC96JMR1GDlNtj9NOXP0jPXObbcia29OfbyLZzUQBy4eh7tzljclQPOZibjouzjREhsMicJabvldQa5E9QuNsCrna5MHB9KukjWp0ZOKWiazd8&basedata=CAMSBnhXVDExMyI2CgoKBnhXVDExMxAACgoKBnhXVDExMhABCgoKBnhXVDExMRAACgcKA3hBMBAACgcKA3hBMhAA&sign=S4X-ctjeYF5oEkH_qIpzJsICXk-jL4NBtnlToYSUqV0aDuoERxMtO_D6zcIePUMR7G3GE2E3Mh6eAHjensvyBw&extg=874b00&ftype=693&svrbypass=AAuL%2FQsFAAABAAAAAABg5jdtJv%2FTfy90NOpAahAAAADnaHZTnGbFfAj9RgZXfw6VeQD%2BgdTm0jtsEOsaD%2FHPupKsjiOdsuVAFmaDnXwCzaVnzyMyabNX4mo%3D&svrnonce=1782639156,49315018
14935077264569538848,11814969673740398469_0_0_2_0_1782639156628893_4c70c82c-72d4-11f1-abf0-e9a108c7f874,陈厂长的AI商业论,AI时代，无需技术，最容易的赚钱路线#AI#A时代#AI培训#卖课#企业智能体#企业AI化改造#企业AI全案落地#陈厂长,1780399950,0,110,166,258,143,http://wxapp.tc.qq.com/251/20302/stodownload?encfilekey=Cvvj5Ix3eewK0tHtibORqcsqchXNh0Gf3sJcaYqC2rQC5eCx2j7nsu19ZR9S0OibGTrTry32yqWxnao9INR0RWIfShVsN3pFljq8ias0gxxjsic9vJaNbGgSfuY32p6ALpEI&bizid=1023&dotrans=0&hy=SH&idx=1&m=&uzid=7a1ac&token=ic1n0xDG6awibmzgzocBKD9znsZX3Tc5tWTAKCB4J2dztIvtScYIzDmyPx13IudHZg0XYR1lEvMnyWAIgsA3l56rSXia4b9grMPSaWbY7Ig2EVBXjlowgfOexZqDaPCD9j1EswMQXaHII108e23zYWkG0w3Iq1ID8YFbly1dm2nXR5DpKvo5x9c2ibJLWf19EQ6otJm3Rmm4G0yrH7QPiauFhrnkvFxiaZDD374N4ynycYGGY&basedata=CAMSBnhXVDExMyI2CgoKBnhXVDExMxAACgoKBnhXVDExMhABCgoKBnhXVDExMRAACgcKA3hBMBAACgcKA3hBMhAA&sign=FD6tMZpQwNnjScmH5Zsw8Eq-uKDjVkn_10Kqp9vSQMVgpUtIhneJYk5LQxScbNYkUfzkuY7BPGovre6flcISgA&extg=874b00&ftype=693&svrbypass=AAuL%2FQsFAAABAAAAAAA2m6qHWnGAGV7oNOpAahAAAADnaHZTnGbFfAj9RgZXfw6VeQD%2BgdTm0g9sSIoEDtfOupKsjiOdsuVAFsv%2BgXVQDeTCKddCywPJO4c%3D&svrnonce=1782639156,584984524
14934355993494493470,6580872043194866801_0_0_2_0_1782639156628893_4c70c82c-72d4-11f1-abf0-e9a108c7f874,陈厂长的AI商业论,普通人怎么通过AI彻底翻身#AI#AI时代#商业#AI创业#陈厂长#企业AI化改造#企业智能体#企业AI全案落地,1780313967,0,139,188,324,183,http://wxapp.tc.qq.com/251/20302/stodownload?encfilekey=Cvvj5Ix3eewK0tHtibORqcsqchXNh0Gf3sJcaYqC2rQBAObBpib9DRI0OjmrK2ibrh4bgiaGFnVoSibr90CxT4XJhtWNHF08OEn9cVubVZXp8Bt13Iju8PVFQtPAiceEug0otB&bizid=1023&dotrans=0&hy=SH&idx=1&m=&uzid=7a166&token=2lt8WBSnjTnD42qTXm8vMbbrQLxseJgLqgM9wRITeElzPh94AAibE4cJQMYnlOYIoEq5deqZhSYT3myekedQoZDSgtibN5YQSGUN0KIX6LibJc5mgfUhhKyS8rEXRurs1G4TOcvUlx7ZteuqDNfe8paiav689hTWgPb6cGUsUl5icXFiadRbL5v8UQ47SpxJicNFQdcCxQ0ntqAlZdiavC5fCMkUajibHkeicM8YibChaAOVmfMDrc&basedata=CAMSBnhXVDExMyI2CgoKBnhXVDExMxAACgoKBnhXVDExMhABCgoKBnhXVDExMRAACgcKA3hBMBAACgcKA3hBMhAA&sign=8boEnYl59QzGAN1xL3ZdTj1Y-afL2vBKkLWiNpkYgysnKCH4kxN660gLK8hWYZYG4y0iogSTghvPpSvSBbvUTg&extg=874b00&ftype=693&svrbypass=AAuL%2FQsFAAABAAAAAAD9Do0j8SE6bFvGNOpAahAAAADnaHZTnGbFfAj9RgZXfw6VeQD%2BgdTm0jFsLJwkDovMupKsjiOdsuVAFvhIpi56lDnVLp6xoKkhT9Q%3D&svrnonce=1782639156,1840694253
14933581168142457116,15033566833298904098_0_0_2_0_1782639156628893_4c70c82c-72d4-11f1-abf0-e9a108c7f874,陈厂长的AI商业论,企业AI化改造的两条路#AI#AI时代#商业认知#商业思维#企业智能体#企业AI化改造#企业AI全案落地#陈厂长,1780221601,0,32,44,69,9,http://wxapp.tc.qq.com/251/20302/stodownload?encfilekey=rgjNqbibdAo0q7XKibah30fWFX0rMloibt6wlICkiaSZhFgOribflvHqickQdDJxlSg03oPsrDrXHJMBIibicJbNeB2TXw&bizid=1023&dotrans=0&hy=SH&idx=1&m=&uzid=7a21a&token=ic1n0xDG6awibmzgzocBKD98eWjxe1v8uQbvSLuHYw6RJvNbvWXP6ibLn5Pt8dwSqyYcz5CuT0Dnk59bILkMzJcDZP8HtxSJaPZtgouoAsKfJRSTia6jWTFFMB3EbfU0W2h1ZjQwGZ7t26tytw4YcRAFke5f345I4Huqxoiaqmc7DS5ZpicqSDJH2nJtgbcF9cG8o1SQUJAziacjXWKT7Qky0vgoA09P8AZMcmk5afHfianobmA&basedata=CAMSBnhXVDExMyI2CgoKBnhXVDExMxAACgoKBnhXVDExMhABCgoKBnhXVDExMRAACgcKA3hBMBAACgcKA3hBMhAA&sign=EhOKIf-JswFjWtzHmPFKzePImNZXmQt8_hEPgRfxGrW6gxvJrz6wpX4zZjFz_-bElA7Fy9os8_LpziFmxbazjA&extg=874b00&ftype=693&svrbypass=AAuL%2FQsFAAABAAAAAAAbdSkFbQ7sb72rNOpAahAAAADnaHZTnGbFfAj9RgZXfw6VeQD%2BgdTm0jNsEMt6JPvzupKsjiOdsuVAFsK%2F57ph2FocsaQsqweM3qk%3D&svrnonce=1782639156,847427503
14932856389240232212,13966549661842976861_0_0_2_0_1782639156628893_4c70c82c-72d4-11f1-abf0-e9a108c7f874,陈厂长的AI商业论,用大乘流的方法做IP，精准输出观众想听的内容，有流量能变现#AI#个人ip#商业认知#企业AI化改造#企业智能体#企业全案落地#陈厂长,1780135201,0,170,202,212,343,http://wxapp.tc.qq.com/251/20302/stodownload?encfilekey=Cvvj5Ix3eewK0tHtibORqcsqchXNh0Gf3sJcaYqC2rQDibibY8qNEDGIfez1ybJ9AWHiaHjiatiaiaoTHum81Of6GYDrDibPnDK6c7CUlDV4icqnZpDIricoTaLHaJbsCO2ah1sOGU&bizid=1023&dotrans=0&hy=SH&idx=1&m=&uzid=7a170&token=2lt8WBSnjTnD42qTXm8vMTOyShDqO3kzMJGicxdrI7VomPpWK85EnJN4RW3IiamtRLhjDywvTUdXjyJiaOMIdabdibNicjO2zt01SsnhPASJ1eSzicUphBNwNgb040voCdiadNHf8en9iavaj0AjFMLCFppKCH1slHnzCQLoH8lHSbD3KviaObPFUBDy7vawTjPfE3PP3FY6wwKLypzZDgyMYkoNnib4ACBbV3TtnwdHn7dEguneg&basedata=CAMSBnhXVDExMyI2CgoKBnhXVDExMxAACgoKBnhXVDExMhABCgoKBnhXVDExMRAACgcKA3hBMBAACgcKA3hBMhAA&sign=g3hcKqpk-FhYzI7JmEbGtmUHVs7ozUexvGzs-y-9eSF_K7iXhOgYYLXVTCrWph5M0xjq4fOJP1dI-TBkrTj2sA&extg=874b00&ftype=693&svrbypass=AAuL%2FQsFAAABAAAAAABf4BX2tNh6XdK2NOpAahAAAADnaHZTnGbFfAj9RgZXfw6VeQD%2BgdTm0jtsKKMHAt7yupKsjiOdsuVAFhMH%2F3bjwQH8hF9aJHoeJCE%3D&svrnonce=1782639156,1941899904
14932207561423460613,2434924885066352936_0_0_2_0_1782639156628893_4c70c82c-72d4-11f1-abf0-e9a108c7f874,陈厂长的AI商业论,普通人用AI赚钱，就记住两句话#AI#AI时代#企业智能体#企业AI化改造#企业AI全案落地#陈厂长,1780057854,0,92,107,131,122,http://wxapp.tc.qq.com/251/20302/stodownload?encfilekey=Cvvj5Ix3eewK0tHtibORqcsqchXNh0Gf3sJcaYqC2rQBS4GMibFQsg1NQgyicqNiang37RicDapxCoTaXroJiaxbHwpvEUkGVSQtVfH4VFg72b7Zf2xqvZWzHqIDTM7gbovY1x&bizid=1023&dotrans=0&hy=SH&idx=1&m=&uzid=7a170&token=2lt8WBSnjTnD42qTXm8vMZiae4LjMASIvSPnoME4BQMoOoC6UdHpjXJBQSeljncS86C9a2Jqt8xtpn332xTeAX61TKmBBf4CXh6auwv69fV0XEPtibGeuMAicRjWeoKfo8tGicDNscCoLwmoydRBQTdNR6iaicHiaENVDtBcZXVZAFVXYqcF8ggSgVF3pW7DicmOrTbDNg70FEmaHZkc4aAx0IaMWYiazVicBcziaWSKZr1vKaDdMU&basedata=CAMSBnhXVDExMyI2CgoKBnhXVDExMxAACgoKBnhXVDExMhABCgoKBnhXVDExMRAACgcKA3hBMBAACgcKA3hBMhAA&sign=zOw8ZOYEJxZdpQ1Z-GKcoUvlBklnnMs0ztgfMSbgiwqIa11ffSK7c0IWlT-DGD8lqrdE1S6koNs3Sb6bsGFhnQ&extg=874b00&ftype=693&svrbypass=AAuL%2FQsFAAABAAAAAACzHojgN%2BMIIiJgNOpAahAAAADnaHZTnGbFfAj9RgZXfw6VeQD%2BgdTm0ipsQK9XT6LwupKsjiOdsuVAFiJGWEujjIPmH2z7ET5sKT8%3D&svrnonce=1782639156,1139469389
14931453619858118940,13958882967493500288_0_0_2_0_1782639156628893_4c70c82c-72d4-11f1-abf0-e9a108c7f874,陈厂长的AI商业论,"使用AI的三重境界
以AI为员工
以AI为友
以AI为师
#AI#AI时代#商业#智能体#企业AI化改造#企业智能体#企业AI全案落地#陈厂长
",1779967977,0,126,151,152,161,http://wxapp.tc.qq.com/251/20302/stodownload?encfilekey=Cvvj5Ix3eewK0tHtibORqcsqchXNh0Gf3sJcaYqC2rQC4Xgp6NxfreibUGWZ9KQr3WElkKPGMEpSW7arsRiaXOia05uSIxribx4oLfut4Gk9ezkC61tMZ6TqFqbibTSiciaP46fN&bizid=1023&dotrans=0&hy=SH&idx=1&m=&uzid=7a22e&token=ic1n0xDG6awibmzgzocBKD91ZuRCzFxVhdNgR1dI8ILg7VgYVoDZyXSgxux7Q6Hy7WcVc7R9NnjafEAv6vMkJZUvibpwCP7s2MJl7T4iahAv79R58knOxNhG1hUZRxw3iakPBtmomZQhyLhu25zShXmuiaHlkW1Z6rkYSRiaWWc0Yk03bS1EyWHAnCSAattxu8DFCMP0DcPNEhky3fibAtc5kagz2htWFIEXb1nYWzhe2j61ABk&basedata=CAMSBnhXVDExMyI2CgoKBnhXVDExMxAACgoKBnhXVDExMhABCgoKBnhXVDExMRAACgcKA3hBMBAACgcKA3hBMhAA&sign=sI-Nlw3Mb3Z804nRaj5pFLZZ1dBqIllAHa4gRhBAC6mjS_iyarWbTsHUPIPSouP1V1MPW1FOown-nx-3tiJoxA&extg=874b00&ftype=693&svrbypass=AAuL%2FQsFAAABAAAAAAAG8zN4apCjI4FONOpAahAAAADnaHZTnGbFfAj9RgZXfw6VeQD%2BgdTm0jNsBMkDBJ%2F3upKsjiOdsuVAFm8rAe7amE3HGn3%2BbTRkWGQ%3D&svrnonce=1782639156,576977833
14930738779303713040,7252671944548781859_0_0_2_0_1782639156628893_4c70c82c-72d4-11f1-abf0-e9a108c7f874,陈厂长的AI商业论,"[{'shortTitle': '', 'pbRequestMsgInfo': None}]",1779882762,0,187,281,523,313,http://wxapp.tc.qq.com/251/20302/stodownload?encfilekey=rgjNqbibdAo0sIvP23TM3SJLJbfda8EC2MqZohaqp9sRsQkvjlsjYFfkkwGI95Omju38zFRclC5lNqlw5fXkG9g&bizid=1023&dotrans=0&hy=SH&idx=1&m=&uzid=7a170&token=2lt8WBSnjTnD42qTXm8vMZvyOaDNUFhjej9kT1KrHbII54CCBLqWGM5OTAmyf4ftr3AcfafvpCAMUTaB2CT5wEPszd9j47ILDaqoQHlhCWEGVmPX5ZRbemQyUllFOwhbuDgfsXCD2LNMiaIz4guHcULzPPaTl4tPYQcAqh5Rqsf9gv6dibjbzsHSsficbGVXNZ8coVSzueWABkOVX7OMV7z5SyKYPFDpbcuD0era5PdwTM&basedata=CAMSBnhXVDExMyI2CgoKBnhXVDExMxAACgoKBnhXVDExMhABCgoKBnhXVDExMRAACgcKA3hBMBAACgcKA3hBMhAA&sign=QsOhsVPfDumgWR056ByRnEgafci38Tzo_X6fkrJ02Yi0mqCxrnQX8K3wi1t94yoQqCR_QQ5wDpN9C_H0ExRuMA&extg=874b00&ftype=693&svrbypass=AAuL%2FQsFAAABAAAAAAC4b6Vj0MYdrC7uNOpAahAAAADnaHZTnGbFfAj9RgZXfw6VeQD%2BgdTm0j9sQINPQPz2upKsjiOdsuVAFgEKn10uoBHOygywch6fI64%3D&svrnonce=1782639156,1318679178
14930001495970683172,1739786238022772777_0_0_2_0_1782639156628893_4c70c82c-72d4-11f1-abf0-e9a108c7f874,陈厂长的AI商业论,"[{'shortTitle': '', 'pbRequestMsgInfo': None}]",1779794871,0,36,47,67,62,http://wxapp.tc.qq.com/251/20302/stodownload?encfilekey=Cvvj5Ix3eewK0tHtibORqcsqchXNh0Gf3sJcaYqC2rQCwhZCU83kyXge9yjUbS3H5Eia9Oce8h6BsM7Nq5DotMPNGeia0ib2Viaphsogicsfy6XlzWNibLWkxnb3q3tJ1HxChwt&bizid=1023&dotrans=0&hy=SH&idx=1&m=&uzid=7a152&token=2lt8WBSnjTnD42qTXm8vMfHL10z1M9URjYhWUQXl6ox1nuA1msyJNGIh4Eyiar3BvIfvEkdQO30GUlZZlP0MFr5ABKbMJ4Fht1umwb8EZQ9FSruJict0lE2BDfo8hDsZeB9Azn3wnmrpaMmnhiaIqpOVIR9Zg231IemLum65r3YXVY1pTHSD7jz1tdFZSqvj3TJvtDGMu0sEZl0uRg9m0r0BN8JWAibkHHYrD85Wx30RCOU&basedata=CAMSBnhXVDExMyI2CgoKBnhXVDExMxAACgoKBnhXVDExMhABCgoKBnhXVDExMRAACgcKA3hBMBAACgcKA3hBMhAA&sign=7Xd3r4jBrs0Y8gsSTjzdB3FdcLUWKSuOtmlJ1Ad6bjjxyB2yKw1hG1ivw7pZtIJ4Ch2PjdtRkBpBQVwVQCpGRw&extg=874b00&ftype=693&svrbypass=AAuL%2FQsFAAABAAAAAAAUAxZaYFzeEmkLNOpAahAAAADnaHZTnGbFfAj9RgZXfw6VeQD%2BgdTm0gtseMxsEtX1upKsjiOdsuVAFoJVYOsoyZ9Y0HJK2rWpCPE%3D&svrnonce=1782639156,1045561578
14929996549767174401,13568777510326201359_0_0_2_0_1782639156628893_4c70c82c-72d4-11f1-abf0-e9a108c7f874,陈厂长的AI商业论,"[{'shortTitle': '', 'pbRequestMsgInfo': None}]",1779794281,0,67,77,50,48,http://wxapp.tc.qq.com/251/20302/stodownload?encfilekey=Cvvj5Ix3eewK0tHtibORqcsqchXNh0Gf3sJcaYqC2rQCHREBBeNvSgMJQm5TQBB7YRlrxX7RtlgLmlmQJs72LJbSWQ2xSJFHguaFJjR4QCKDLibiaOibUYQWH48gWdhTzX1e&bizid=1023&dotrans=0&hy=SH&idx=1&m=&uzid=7a166&token=2lt8WBSnjTnD42qTXm8vMbRZws30Cu1NjzvC7tOiauYTj0vyJ8wibT5PaEHUZicwia7H9Y6pk6Gyiapic18AZA8gWNrvCtjZjhAXnp4QJXL39ia8DZA2nChy0NUHBkknQoUTHTMkONY4CZGxYzyNQj0806taictnWyOvrfEgw9MsibhdQ6xxaa2ibiac5VWIyR9GgPscEs8p61UuQ4RDHUSTL7LOqhlmCJ2cyGettB9MMqBNUEAeco&basedata=CAMSBnhXVDExMyI2CgoKBnhXVDExMxAACgoKBnhXVDExMhABCgoKBnhXVDExMRAACgcKA3hBMBAACgcKA3hBMhAA&sign=Ys5FIoutEjy9Mq47lBbY4DC37PLRV8k8hgsoyvrXVN0b-mjEp3QI77NwnsoDK3lfx5MIRsBzxoXTjGDFfwrxDA&extg=874b00&ftype=693&svrbypass=AAuL%2FQsFAAABAAAAAABYxMkmXcEPd1FZNOpAahAAAADnaHZTnGbFfAj9RgZXfw6VeQD%2BgdTm0i5sSMJqItT1upKsjiOdsuVAFrujaxKxWPcS0TDUUf21X4o%3D&svrnonce=1782639156,2076882623
14929263143805131035,13122891515712118744_0_0_2_0_1782639156628893_4c70c82c-72d4-11f1-abf0-e9a108c7f874,陈厂长的AI商业论,"[{'shortTitle': '', 'pbRequestMsgInfo': None}]",1779706852,0,37,69,78,45,http://wxapp.tc.qq.com/251/20302/stodownload?encfilekey=Cvvj5Ix3eewK0tHtibORqcsqchXNh0Gf3sJcaYqC2rQBbrlEsLx6OFs2Y4oosmCNzTiaUicuaqwZCste19icAaocmcJMY9jhYTok870QJic2qomgf9PG3oseuzdjnibYm7zEU3&bizid=1023&dotrans=0&hy=SH&idx=1&m=&uzid=7a22e&token=2lt8WBSnjTnD42qTXm8vMS3xwDvJWRicZiaZYnzwfkhV8bBGIQ7oicYbHPPOp6Juiay04ykt7naaSg78ZgEia5CBdc5QWciagMngG5T7mz5GX1MwJlb65sP4yagrwibcwlv7Y1bw4ricFvlGMzPBTuH5eOeN63bbDsF5rujmZDs8JXyVeV0MqhrxeCMc4laPmaD4yE3t7VKic8awnExbfYDhLMgRSQDNqWwdb07Qanep1E8BjPGk&basedata=CAMSBnhXVDExMyI2CgoKBnhXVDExMxAACgoKBnhXVDExMhABCgoKBnhXVDExMRAACgcKA3hBMBAACgcKA3hBMhAA&sign=wDz-kg1SQn0fH8aSJolOh0-SUSsvZ3jkGBh9JmAZECi6LPMGeWK70lO1hfFVoDELlP40ONUn-DTIglZvMOSiwg&extg=874b00&ftype=693&svrbypass=AAuL%2FQsFAAABAAAAAACPQlErGkGsz1%2FwNOpAahAAAADnaHZTnGbFfAj9RgZXfw6VeQD%2BgdTm0jRsKNF8DY37upKsjiOdsuVAFk%2BORbOJkOqPqnXgjv5kSfI%3D&svrnonce=1782639156,1446935388
14927849795645741352,4817495140759903671_0_0_2_0_1782639161169822_4f25ac36-72d4-11f1-af59-8373dfc2ddb5,陈厂长的AI商业论,"[{'shortTitle': '', 'pbRequestMsgInfo': None}]",1779538368,0,682,735,1005,445,http://wxapp.tc.qq.com/251/20302/stodownload?encfilekey=Cvvj5Ix3eewK0tHtibORqcsqchXNh0Gf3sJcaYqC2rQDOqPbL2YOzT079ngkQu3JbIuS0pHFCmcY120rnTibbib3oiaDX6qlj7KaalicKMgY9qHicwwgSibE9F57HIGej7CygWt&bizid=1023&dotrans=0&hy=SH&idx=1&m=&uzid=7a1fc&token=2lt8WBSnjTnYWOAbtcasW8qib0XYE8weMiabf4ReAFQnY6jhFvOSfcZGialgib1WIXZibAl9HllhfVs4JLrsibuc7MjdoxAcF8iagibDR6twH2ic8oJyesalicaic121Xg912Ss5vs8qDApawRMiagq3dlbxMZCvHib7G3Ec34I3FwPRvB0MMB4UUWx85v8bNBATcIE8gr1Qv3vMx4jxtPdib6tRKlkwBicUNXsqoxKvFF8WRJ5Yycg22k&basedata=CAMSBnhXVDExMyI2CgoKBnhXVDExMxAACgoKBnhXVDExMhABCgoKBnhXVDExMRAACgcKA3hBMBAACgcKA3hBMhAA&sign=zq2bFg3K1qLfRkjbOP91WFEsuXpUkytPx4dKN6YXJoMZzRpfBTR9Q-tHdxlv41bSvN_Pag3n3J65ZzPQW53qaA&extg=1074a00&ftype=631&svrbypass=AAuL%2FQsFAAABAAAAAADsWf6oX0fzkzL4OepAahAAAADnaHZTnGbFfAj9RgZXfw6VtxXo5JvAQdA0Ij49oSjlXelr0GQm9Ol0r3YgTp6ZxyYtXy1gF%2FgeQMk%3D&svrnonce=1782639161,1186744234
14926362516370102571,9249032212166574026_0_0_2_0_1782639161169822_4f25ac36-72d4-11f1-af59-8373dfc2ddb5,陈厂长的AI商业论,"[{'shortTitle': '', 'pbRequestMsgInfo': None}]",1779361071,0,31,44,43,33,http://wxapp.tc.qq.com/251/20302/stodownload?encfilekey=Cvvj5Ix3eewK0tHtibORqcsqchXNh0Gf3sJcaYqC2rQD65E7MWia8enmGkB2BDiclzmSwjGfY76UulAd10kG03XqZ6VicH89VQJVhm2DGpwORzJj3SOl2hHTuuEicSorxXSFs&bizid=1023&dotrans=0&hy=SH&idx=1&m=&uzid=7a22e&token=2lt8WBSnjTnYWOAbtcasW9jTsygic6K7VSpUibgmsNhDic8QIwv3hSBhdhQnOibfkv7vu0zVke02rBMqtxGO69tO1icic32jUT44xpo4ms0asx8VPmAk29YicvfnpaIfOnBjmTTAzExgicgvnPf2beRSQGGQgJyVgyHAxVXuMVkPZibvtibWJTXjGT9zxmnyXNfKUdlefmluByicvRtU7ukCOicU5k3UTlvGenT1Tn7mWeoeEgDURtI&basedata=CAMSBnhXVDExMyI2CgoKBnhXVDExMxAACgoKBnhXVDExMhABCgoKBnhXVDExMRAACgcKA3hBMBAACgcKA3hBMhAA&sign=Wxf4Y-DQJk2nhy5odt3qKHJLcTe9Rk4utui2XOdGlQFEWIDyCgQ76AFuLIvvPfP-dmuehoC-SfQSxmDSxL487Q&extg=874a00&ftype=631&svrbypass=AAuL%2FQsFAAABAAAAAADs5WyFUYgx7VUVOepAahAAAADnaHZTnGbFfAj9RgZXfw6VtxXo5JvAQdM0Ajd43HXiXelr0GQm9Ol0rwBJMORV3SPjFQ2kDn2Dw5Y%3D&svrnonce=1782639161,1784127641
14925658246269245731,8786795100480410157_0_0_2_0_1782639161169822_4f25ac36-72d4-11f1-af59-8373dfc2ddb5,陈厂长的AI商业论,"[{'shortTitle': '', 'pbRequestMsgInfo': None}]",1779277115,0,55,77,75,19,http://wxapp.tc.qq.com/251/20302/stodownload?encfilekey=Cvvj5Ix3eewK0tHtibORqcsqchXNh0Gf3sJcaYqC2rQB8xo6DuRdD6stQv12My4SuYpOHXDKnoBzH26jk1yXI5OHLm5KBmuMLEAKibVaNgFXjrcyZvdab65pshABWtpLZH&bizid=1023&dotrans=0&hy=SH&idx=1&m=&uzid=7a21a&token=2lt8WBSnjTnYWOAbtcasWibYoxycFFGFDribIbsAa8naH4HicFpYW0h2kJz1E0KYGAmTpWOUMj5ABshv1DDnyYdK4Wib4qvCzhdWVD93A9jBMCibsqwf2NvrPjon4jbCib6whleviat1w7mP2SgN0baoWVyYXfoGFJ5zibznseJGr5NHpibGVyqqCOBrayyGXuKW1vl1kqptrRyV8Ov1fpQb0r4VtI8UL0mwXKF1kabTyOBAiaVzM&basedata=CAMSBnhXVDExMyI2CgoKBnhXVDExMxAACgoKBnhXVDExMhABCgoKBnhXVDExMRAACgcKA3hBMBAACgcKA3hBMhAA&sign=EMsT9rIvn6Lzgzq6lbyfXzFpVIxJ7RFFB0VIfp9VPiOdT98Q9nl9NOEPRtkLiqJtW-nUQVsozXjCAFX2NYKcqA&extg=874a00&ftype=631&svrbypass=AAuL%2FQsFAAABAAAAAAAX44bp43FLLn4AOepAahAAAADnaHZTnGbFfAj9RgZXfw6VtxXo5JvAQds0Qg5%2FyxXhXelr0GQm9Ol0r8kID62Rru6dsmfjM4nFigM%3D&svrnonce=1782639161,1579948223
14924953468616317180,993129291781067646_0_0_2_0_1782639161169822_4f25ac36-72d4-11f1-af59-8373dfc2ddb5,陈厂长的AI商业论,"[{'shortTitle': '', 'pbRequestMsgInfo': None}]",1779193099,0,73,92,81,22,http://wxapp.tc.qq.com/251/20302/stodownload?encfilekey=Cvvj5Ix3eewK0tHtibORqcsqchXNh0Gf3sJcaYqC2rQCxKgnzuM2Gu40xfnH4DG8vqAGD5On1ffnK575FclfYrSpQibXNfvTvWxSx5gkWX9EQ8ib5sRzfria0TddDia37ryOh&bizid=1023&dotrans=0&hy=SH&idx=1&m=&uzid=7a22e&token=2lt8WBSnjTnYWOAbtcasW0M1pcmHAxOFFu2pDakMgseofkoHnwgYJkr5hVsjte44Dicz2zOTHXnqEibtJ9yicR4iaeaaQcVGWMVxElkHzGiaDcfHamnJN3m6fCnicibyuvcg85fUP7EYQmnZCOabWXSXZRn29c1RNEiaE5sm2bKCeAHxEnXtqndiaxDV4mznWiaGaWXkhiaNwFpyUVMfOqU7HvgiaS66wXG5ibcdVQhhnljgWicmtibRFM&basedata=CAMSBnhXVDExMyI2CgoKBnhXVDExMxAACgoKBnhXVDExMhABCgoKBnhXVDExMRAACgcKA3hBMBAACgcKA3hBMhAA&sign=vWsSPOzbkaAbp8dWvTdILiqtV_K6SjPiZys2haS5_3IavhnqiNpGnOprc5pR6cyP2LHx90oHG71fJgrN2hU11A&extg=874a00&ftype=631&svrbypass=AAuL%2FQsFAAABAAAAAAClVzUasDL5bDXcOepAahAAAADnaHZTnGbFfAj9RgZXfw6VtxXo5JvAQYQ3OiBQ6zXgXelr0GQm9Ol0r5BD4273tdPVLZCzHGf7dHQ%3D&svrnonce=1782639161,1526294914
14924237669387213062,14522437728143341427_0_0_2_0_1782639161169822_4f25ac36-72d4-11f1-af59-8373dfc2ddb5,陈厂长的AI商业论,"[{'shortTitle': '', 'pbRequestMsgInfo': None}]",1779107769,0,133,140,95,66,http://wxapp.tc.qq.com/251/20302/stodownload?encfilekey=Cvvj5Ix3eewK0tHtibORqcsqchXNh0Gf3sJcaYqC2rQDGMk2LiaVKsksNtUrva3A6Rib2JiazkDSFNQw6mYWLGDvw49IDDXHrBib1XgoKZ0zwHfO6FtZMt8ibehDDQf66uceKO&bizid=1023&dotrans=0&hy=SH&idx=1&m=&uzid=7a170&token=ic1n0xDG6awibmzgzocBKD9ibRZrsMjB7icTARswicEQzFyKFs8anKZZCaEBWoxxHq02ibc9Qib51F7A1EhGOsW2J4y44wjJ6N7XH4tVcBXgDSXPH32Aicr2qUUZOLd4DqrEV23jfCgsPkgEDPqjMQaJ23MPtdzSI5Riciaicv4mdSiaChicL78axtibVxg7kgAKYqLgGFde9kHmoxbon4OljMDP48UJOvEnWcCCPa7aiaABuiaPbicAXs8M&basedata=CAMSBnhXVDExMyI2CgoKBnhXVDExMxAACgoKBnhXVDExMhABCgoKBnhXVDExMRAACgcKA3hBMBAACgcKA3hBMhAA&sign=rLG08NO_0etYLjqR1LfCWMIwUZFDW9ErGxyH2Mt6NWwcTIJBtMf_WJMemDA90rd_59ubg6PBkdOxyexYrDuIiA&extg=874a00&ftype=631&svrbypass=AAuL%2FQsFAAABAAAAAABbHKwHcoaV72%2FfOepAahAAAADnaHZTnGbFfAj9RgZXfw6VtxXo5JvAQf40GioQylL%2BXelr0GQm9Ol0rwtjDP5Ko%2B%2FNWEci4mgLaZM%3D&svrnonce=1782639161,678243879
14922765681410054399,16002716279661378761_0_0_2_0_1782639161169822_4f25ac36-72d4-11f1-af59-8373dfc2ddb5,陈厂长的AI商业论,"[{'shortTitle': '', 'pbRequestMsgInfo': None}]",1778932295,0,529,587,456,214,http://wxapp.tc.qq.com/251/20302/stodownload?encfilekey=Cvvj5Ix3eewK0tHtibORqcsqchXNh0Gf3sJcaYqC2rQAKFrzlMUzAQNCYtQehMQ7xNYZLIuibmfDiaBvEDNlgRTy2s2wHPibleOazp3gxBDiadDviaKViakgibzRT8ICe8VfGphG&bizid=1023&dotrans=0&hy=SH&idx=1&m=&uzid=7a166&token=2lt8WBSnjTnYWOAbtcasW0QtHRt2I3Ekz3vrvJOO3bZPFFsKVzZLlj87NTFvwzGrTnqvEgAC1C4pelrYgoibSS0jNxxL5GbIN92khkNN9GL8QcaGyj1dv6o74qRCqJdHXmdQwBvNj14RooN6w1Iicefzg5y3ggPzJibnD9arfXP9Ziczt41V7wwwib5r70oPGcqk8jz1s35TvHOiaaAHKFgicGGibwLvZCOtEqA1sWCibOWavhCY&basedata=CAMSBnhXVDExMyI2CgoKBnhXVDExMxAACgoKBnhXVDExMhABCgoKBnhXVDExMRAACgcKA3hBMBAACgcKA3hBMhAA&sign=R_jRKPbX--zrlmwuntZCB8Fq-s4coMDYYnO3w_F6ikeMTkUri7Oo4MmbT3lQ1-nIQIzTRACjdehtRzaFeE0tWw&extg=1074a00&ftype=631&svrbypass=AAuL%2FQsFAAABAAAAAAAjMlo7uk0czwi3OepAahAAAADnaHZTnGbFfAj9RgZXfw6VtxXo5JvAQYc3EmZSoiT8Xelr0GQm9Ol0r9xAsJQDPozUL8DqRUS9tCg%3D&svrnonce=1782639161,1397370430
14922047642237212932,17396643012856646338_0_0_2_0_1782639161169822_4f25ac36-72d4-11f1-af59-8373dfc2ddb5,陈厂长的AI商业论,"[{'shortTitle': '', 'pbRequestMsgInfo': None}]",1778846698,0,142,157,92,109,http://wxapp.tc.qq.com/251/20302/stodownload?encfilekey=Cvvj5Ix3eewK0tHtibORqcsqchXNh0Gf3sJcaYqC2rQArLy2PUaXx3LRq1j8Wfiao9k6CUf41VXsQNcyhbxZOxwGZLXperA4rpylgkEpYYm13zWFKYydKAOPyt7pXiczn5r&bizid=1023&dotrans=0&hy=SH&idx=1&m=&uzid=7a22e&token=2lt8WBSnjTnYWOAbtcasW1QrVoia588iaZic5s8UGkYCVvoBGPEce8xiavP0oJ7PmemPuYGJHEtK2EH3LHpSgqbNP84tSfDtWaXLzNUj6TlnP8jjwKial4tW3ElkqfBm8Wg1o1iaJtkyEJXS85a4Z4IxhbibopPdnomWsvmZAH8uVibAGCpHBKA4XpSGtTRtgD4XQ5h7NictN233YMKWvq5LRSOOJCicI3wIJQePAT0lfvVvvUo1U&basedata=CAMSBnhXVDExMyI2CgoKBnhXVDExMxAACgoKBnhXVDExMhABCgoKBnhXVDExMRAACgcKA3hBMBAACgcKA3hBMhAA&sign=f0IXTHEcxt_JmeuUJ_KNLgxKSVVVxFy-tz7PGBqT-BDFSZhyqU83FGGwNhcKWux19mM06PK2_uWveSMNVysb4w&extg=874a00&ftype=631&svrbypass=AAuL%2FQsFAAABAAAAAABkVlfjw%2BljEOMDOepAahAAAADnaHZTnGbFfAj9RgZXfw6VtxXo5JvAQfw0ThgrwED6Xelr0GQm9Ol0r6D%2Bi%2FgRKe%2BFZ78IaTXH73M%3D&svrnonce=1782639161,1319419910
14921330170360568063,18419180894271322107_0_0_2_0_1782639161169822_4f25ac36-72d4-11f1-af59-8373dfc2ddb5,陈厂长的AI商业论,"[{'shortTitle': '', 'pbRequestMsgInfo': None}]",1778761168,0,49,52,109,114,http://wxapp.tc.qq.com/251/20302/stodownload?encfilekey=Cvvj5Ix3eewK0tHtibORqcsqchXNh0Gf3sJcaYqC2rQB1xw679XmePLnFibQpb7j0Vnlt4kzibuiaYQkfn2ia1SfVrbKD8XglH35rqGUge9qbXaaGH5DC6GvLYP1SegGrQnko&bizid=1023&dotrans=0&hy=SH&idx=1&m=&uzid=7a21a&token=2lt8WBSnjTnYWOAbtcasWxxgF5Azq33ra1IxcgPSAz22trLj6EXs1H85N2NKOCjemPCrUPy8kKS1E7fHnSKC3ZBEXlqoesozKia68kOAN1NFOSKpaFd7JkLVWuc6rRMUibGialHwOY6G6g0LLn9nxcmicCQayI0qiaVic5E6IzVXXfHGwribTUAv3HfGiaaKpsmtP70qpb6sF4cy6UXUNicjiaENStURtpiaB2iaTYOQ6IMZIgebNCM&basedata=CAMSBnhXVDExMyI2CgoKBnhXVDExMxAACgoKBnhXVDExMhABCgoKBnhXVDExMRAACgcKA3hBMBAACgcKA3hBMhAA&sign=5V4weGnFVAhkXsfBfKSkUJ6wOSdpkr4jmTe-dMQLlrCPq7sfdJX5W-YUHjbhBEj6qX4mlOMuiaFxPQjPZgZRnQ&extg=874a00&ftype=631&svrbypass=AAuL%2FQsFAAABAAAAAAAfrkJY2MqvKqT3OepAahAAAADnaHZTnGbFfAj9RgZXfw6VtxXo5JvAQYc3bhVC%2F335Xelr0GQm9Ol0r68PG5NCPLGNH9Xz4oPjzMk%3D&svrnonce=1782639161,1840707398
14920565719680751872,8246807470772076278_0_0_2_0_1782639161169822_4f25ac36-72d4-11f1-af59-8373dfc2ddb5,陈厂长的AI商业论,优秀的企业家干不好IP#个人ip#商业认知#商业思维#陈厂长#陈灏,1778670039,0,45,59,21,63,http://wxapp.tc.qq.com/251/20302/stodownload?encfilekey=Cvvj5Ix3eewK0tHtibORqcsqchXNh0Gf3sJcaYqC2rQCZGrLJHicc6cqdgLVrm6VJw59cgmtNjvZAUnMe168NsWqz6uE6EfrUebpNU7uJhXQVKrhpT41owHfJjTxn0VeXD&bizid=1023&dotrans=0&hy=SH&idx=1&m=&uzid=7a1fc&token=ic1n0xDG6awibmzgzocBKD99UbWPOn5dCSJT9UA55Bk94ECbTQMehunZxna244DrTdIzicNXquVa7562liclBiaiaT5BD0jib86q2vw0fIUTEpwKjW57FMfbbvg715wibOIfCWSiaia096o7yG9SrkbcGydzr9KtaGkwwG2qjxCCF0AOVPS2BibazyG7D6vy2BbvYGDUibmcpsqHRkzDFXG6KuBic2UtrIZicJnr97ibLs6wLDGbBBJjgY&basedata=CAMSBnhXVDExMyI2CgoKBnhXVDExMxAACgoKBnhXVDExMhABCgoKBnhXVDExMRAACgcKA3hBMBAACgcKA3hBMhAA&sign=3CURiYwMA-FoYFLKjdYFV-ypL07Sh4QOq1x_7iPYvw_h1kBDp0ITP1K6eagASOJOy6AgXc-BuKuIxoefxupAqA&extg=874a00&ftype=631&svrbypass=AAuL%2FQsFAAABAAAAAACXOKkGXXt5vOp4OepAahAAAADnaHZTnGbFfAj9RgZXfw6VtxXo5JvAQfg0Dnt6xy%2F4Xelr0GQm9Ol0rzqgjsMk1gUoCJWOnbznaow%3D&svrnonce=1782639161,450978030
14919847872118200618,9342490007247262023_0_0_2_0_1782639161169822_4f25ac36-72d4-11f1-af59-8373dfc2ddb5,陈厂长的AI商业论,AI时代创业，靠的是智商，不是情商#AI#AI时代#商业#商业认知#AI创业#陈厂长,1778584465,0,45,53,41,27,http://wxapp.tc.qq.com/251/20302/stodownload?encfilekey=Cvvj5Ix3eewK0tHtibORqcsqchXNh0Gf3sJcaYqC2rQA6YicXOvpxDj9fbCO8lV9xX8fFZyk4CUJTuXLjb2dkyQ96axThSZZ5qS5APrlxfnGYlLGXyaK2JJO3LpEYdzT53&bizid=1023&dotrans=0&hy=SH&idx=1&m=&uzid=7a152&token=2lt8WBSnjTnYWOAbtcasWxROZgLIPafFBCmc74Q5vjT6j5ibepicPHf6YV9Zow9wZb4tdQGD9tpoxj1nwia4ic9w0TMsWnGDF9eplyZ9nDdMZ57mCGwToCBga4QUYQOB10F7Ir9flWUF4yPib1fQBQQHnIcU562JEtabgl48iaoBe84bdjWfgB9ROY7ibqBjGDdWTibOF0Drs7f3yePxaWeZZjs8qMCYNkCvgKHR1OsDzbFialic0&basedata=CAMSBnhXVDExMyI2CgoKBnhXVDExMxAACgoKBnhXVDExMhABCgoKBnhXVDExMRAACgcKA3hBMBAACgcKA3hBMhAA&sign=V9bKC9sAbroi095r_RCnSEvai27ZSL6xebHxS5K6wuf9RCXjv3_fa0t9YY8Qg79qrcbOiP9YqWCpW1Nz12kHGw&extg=874a00&ftype=631&svrbypass=AAuL%2FQsFAAABAAAAAACDtynstTuVsnoMOepAahAAAADnaHZTnGbFfAj9RgZXfw6VtxXo5JvAQdI0LjMN%2Bkz2Xelr0GQm9Ol0r6aqrdibAftgXBLW4vTMPeI%3D&svrnonce=1782639161,1404676953
14919152635932580105,14071512094982913906_0_0_2_0_1782639161169822_4f25ac36-72d4-11f1-af59-8373dfc2ddb5,陈厂长的AI商业论,"[{'shortTitle': '', 'pbRequestMsgInfo': None}]",1778501586,0,38,49,56,23,http://wxapp.tc.qq.com/251/20302/stodownload?encfilekey=Cvvj5Ix3eewK0tHtibORqcsqchXNh0Gf3sJcaYqC2rQAJkhjvDSJCfSlK9ERmR4KicISlX52ZCKOdIG2ccBe5PzEU6PccpEc8jmxdc6MPnfNvSvI6NiahCM10VcmRfv8iaNS&bizid=1023&dotrans=0&hy=SH&idx=1&m=&uzid=7a1fc&token=2lt8WBSnjTnYWOAbtcasW88CJndq5FQsRdy6BhwIzRVFcNwBCvzfChehIia6DUicz5Pp8FoOCuMoqmNYcey9SC8eE2xurz88obSQF7a754b28ic8EJz1OZGJCCmz9pOiaE6tD59HYOGyw6rwY5BtBiciaJm1B8tsfWH8ynmD4ZzW7CeRCiaUN49JuBGpLxoQrbI36WbS8ibTMC9xRX5fundSiaI967hA7Yibzn3Tcnm9YMGHHmf50&basedata=CAMSBnhXVDExMyI2CgoKBnhXVDExMxAACgoKBnhXVDExMhABCgoKBnhXVDExMRAACgcKA3hBMBAACgcKA3hBMhAA&sign=TAhi2JFpiXmifEi8TnvDCQtcaEcA50EsU9Bw9No9hSXu7TxrxjD5PadO5wQb9KHWrfNDTm3OECJPrOF5iYSbtQ&extg=874a00&ftype=631&svrbypass=AAuL%2FQsFAAABAAAAAAAgUozrrHQ2hjyXOepAahAAAADnaHZTnGbFfAj9RgZXfw6VtxXo5JvAQfE0KgQW4G71Xelr0GQm9Ol0rzHqajP%2Fkqa8oaU8AaoieQs%3D&svrnonce=1782639161,1458398528
14917644259829029128,10863100171833141225_0_0_2_0_1782639161169822_4f25ac36-72d4-11f1-af59-8373dfc2ddb5,陈厂长的AI商业论,日更100条，AI智能体：日更神器#AI#日更神器#AI时代#商业#AI写文案#陈厂长,1778321773,0,707,767,801,1487,http://wxapp.tc.qq.com/251/20302/stodownload?encfilekey=Cvvj5Ix3eewK0tHtibORqcsqchXNh0Gf3sJcaYqC2rQB6cWfdEiaKeP314ETIicpWTib6wTkKjU2D1yCQldWkEiaFUQwB1PX2LUZo3MYX4VAlnHFDqu7licL6ib7b0a6rDY66Nl&bizid=1023&dotrans=0&hy=SH&idx=1&m=&uzid=7a15c&token=2lt8WBSnjTnYWOAbtcasWyYIBBniaiaacE7css5Hd4k8dHs7H5CVUQNWeiaGiadDuC6y7ZFrT5mmfcBSTtFUW0oJicC4eXJEHB5wQasnbX0Wse1ouJoibQNaMLdBdwiaR7nYEYL2lGkNg4iciccfibMZjbNu5tCbVj83hYyJkglWUtFYiaGSicp6K722sZogOmJa7oX4v8OibLfExR6mEKiacPqZCeXicrm1PKzfcv7MOjHsNBbGJFib7Kk&basedata=CAMSBnhXVDExMyI2CgoKBnhXVDExMxAACgoKBnhXVDExMhABCgoKBnhXVDExMRAACgcKA3hBMBAACgcKA3hBMhAA&sign=7CyY2ENJTjoEC0RzqMxEJJfxK9CWj3zlK-sQZWI7iDIYEVLv3HiroDBR3HfRBPpJBKkofIVcQbp5juSRlvaChw&extg=1074a00&ftype=631&svrbypass=AAuL%2FQsFAAABAAAAAAAp9fL5WX2ly9WWOepAahAAAADnaHZTnGbFfAj9RgZXfw6VtxXo5JvAQfA0TnZU5TfzXelr0GQm9Ol0r0HCpGn13FDkwVk5D5JFN9s%3D&svrnonce=1782639161,1649430428
14916919968346937594,992294089477964145_0_0_2_0_1782639161169822_4f25ac36-72d4-11f1-af59-8373dfc2ddb5,陈厂长的AI商业论,大乘流IP生产系统，通过AI算力输出高质量内容#AI#AI时代#商业#个人ip#陈厂长,1778235431,0,171,180,132,203,http://wxapp.tc.qq.com/251/20302/stodownload?encfilekey=Cvvj5Ix3eewK0tHtibORqcsqchXNh0Gf3sJcaYqC2rQCPtLWq8nIicxV8UGWq8DnDjntFEBzW7SndH3lS1zTyWE5cO2T2OsrshI3AvVeEHUo0BMsUnkiacT2icZMU5Dl9zVm&bizid=1023&dotrans=0&hy=SH&idx=1&m=&uzid=7a152&token=ic1n0xDG6awibmzgzocBKD92nQ1INKLiaRSiaF5kJHX26TDap7zibkHl2HC4XydTfIoNAnibsx0nPTnxJk15wMLGQTetCUqdYf1TZicOyTUcEiat7kZKwY8fRcJ9B22nQJTKuKyicicPX5F8j3hxkHUL1SntkKFtXSA0BEqrBRSPTd6fPgibRrLvGqSrwklPhBWm3JHukqycsFeWU1wU6MOMA0lgNX1ichd7ABwNBXb1NHhLvy4Goko&basedata=CAMSBnhXVDExMyI2CgoKBnhXVDExMxAACgoKBnhXVDExMhABCgoKBnhXVDExMRAACgcKA3hBMBAACgcKA3hBMhAA&sign=qDQz15fnzVuA56E1n88ptVL7Ti5izAsnPfd9bl8dLgbeDEsb73-wkZQhNo4ZdBTpw0g33O9ZzXGBVGL2mqN2Ag&extg=874a00&ftype=631&svrbypass=AAuL%2FQsFAAABAAAAAAAKfXaGx3mVP%2FnyOepAahAAAADnaHZTnGbFfAj9RgZXfw6VtxXo5JvAQYI3SnIg3VLxXelr0GQm9Ol0r0zF2XxX8dbTJ%2FYAWKncNZA%3D&svrnonce=1782639161,190708440
14916216969721682195,3408950854360888698_0_0_2_0_1782639161169822_4f25ac36-72d4-11f1-af59-8373dfc2ddb5,陈厂长的AI商业论,AI时代，文科生赢麻了#AI#AI时代#文科生#商业#AI想象力#陈厂长#陈灏,1778151627,0,35,39,121,9,http://wxapp.tc.qq.com/251/20302/stodownload?encfilekey=Cvvj5Ix3eewK0tHtibORqcsqchXNh0Gf3sJcaYqC2rQASu16bKbocNVGUIZhHnKTH6q3jIBCRPshTH4aZnhp3ue1j2j4GjTVHNYNjjoxazEqxTwMEZSe4ibMib3VOypYzTO&bizid=1023&dotrans=0&hy=SH&idx=1&m=&uzid=7a170&token=AxricY7RBHdXME2bnfdexSp7PrrSaJbVeZSzQF8kooMaNHQNXRnESFlicIyfBf1wPyyvWXT8QMw487fZQfBoYAvdvibfs7W4IdFVpSHCW1KI6qQxPKhVfrEBw8acZmIbglEEmZzlqbdxPPJ5MiaCwy80X7e12vWKoKxnMTg1yTBZuY8HAM6mzWlYDEbW0TTNYrM9ALJyAhiaEJWJ4sNM0zeRV0HfYYaCOv7HfeU7YzxbIXJk&basedata=CAMSBnhXVDExMyI2CgoKBnhXVDExMxAACgoKBnhXVDExMhABCgoKBnhXVDExMRAACgcKA3hBMBAACgcKA3hBMhAA&sign=_6aPSOS7Wcjlfg4hiRX4w-Fin7KdlTfrrhYtWAISDV3PLeBuW8XZrzd_a6Um3lwsvqvkeemhbKD3ge91mOvZbg&extg=874a00&ftype=631&svrbypass=AAuL%2FQsFAAABAAAAAAC9jd23%2F09qPf1bOepAahAAAADnaHZTnGbFfAj9RgZXfw6VtxXo5JvAQes0YncmoXPwXelr0GQm9Ol0r0fsyBmjB5NbXjmWIOeffrQ%3D&svrnonce=1782639161,87886472
14915484299211708675,8113438159248077450_0_0_2_0_1782639161169822_4f25ac36-72d4-11f1-af59-8373dfc2ddb5,陈厂长的AI商业论,你的行业年入不到百万，就该把AI当主业#AI#AI时代#商业认知#商业思维#陈厂长#AI智能体#,1778064286,0,27,35,34,15,http://wxapp.tc.qq.com/251/20302/stodownload?encfilekey=Cvvj5Ix3eewK0tHtibORqcsqchXNh0Gf3sJcaYqC2rQAIEAkHvrr5zd8g7yD144G2d8tGavVdRFsFRTAAs0Oh0Eswkiccq1xz45HWrQUPks9tC0M8cAiacA5P5U9r0gIiaZm&bizid=1023&dotrans=0&hy=SH&idx=1&m=&uzid=7a22e&token=ic1n0xDG6awibmzgzocBKD91XFhu1d8qBItsiaic2XBkqyib3ycR78NJrsZuJ2gvicNkHWVvRPiakuVQMXHsia2buFg03l2YAta1SxPOItMKohahD7Dz3qDUEickSicIAAtOg5nndUb2A5IAJibjpyeyDzjIuZh4WZib3COYdL6iapCnkXA9KnQS7KTMMOj8z3Fn6OcGYqFLS0erWmRYOcqKiaybibSkVREInWsWAHNGmrmIUrxgjUYbhk&basedata=CAMSBnhXVDExMyI2CgoKBnhXVDExMxAACgoKBnhXVDExMhABCgoKBnhXVDExMRAACgcKA3hBMBAACgcKA3hBMhAA&sign=ltpjFPeWWhwg9vFv8LEkXGcDg4mb7NSdECjFSqeT9Sm-iKg2OtcSUKO2pZtCs2GTsYPcAKARCxXJZHJphGFgYA&extg=874a00&ftype=631&svrbypass=AAuL%2FQsFAAABAAAAAAACVkLAZFvl8jkpOepAahAAAADnaHZTnGbFfAj9RgZXfw6VtxXo5JvAQfs0citlliyPXOlr0GQm9Ol0r9wLS3RKOoWTX3si04huy7s%3D&svrnonce=1782639161,977688175
14914736995796654330,6917439807734137855_0_0_2_0_1782639165727495_51dd1e50-72d4-11f1-a88a-e58ef8931e77,陈厂长的AI商业论,AI时代，传统的办公软件会全部消失#AI#AI时代#商业#智能体#陈厂长,1777975201,0,37,42,26,6,http://wxapp.tc.qq.com/251/20302/stodownload?encfilekey=Cvvj5Ix3eewK0tHtibORqcsqchXNh0Gf3sJcaYqC2rQC1JlmwdKlDxDTc4cLB2ljCONIAKGu4QRc0FPp73bxR3HEMhM5fMAhghAicHonLxbg9uRwYk1oHTyJ30Yo4vJrJN&bizid=1023&dotrans=0&hy=SH&idx=1&m=&uzid=7a1b6&token=2lt8WBSnjTnYWOAbtcasW3K8obcygGHkQAdRP2aibQzvInybhz20JOic4w7q8xSvrBx2zxBibJCrrmrNKqTvVmRzUOPDXvwusgRsianbib9iagfhVXQvOHnZexgNtRCcj11O0AhlT9Dibyzb3P2IG39SzibB994MINOyaZrX2mBwaPLZfC2IfibXvCicaINBsf89V5gfMk6oZxwzpc0ibC821EkZHofFwS6GcEYIQcYOpNfdlz9QV0&basedata=CAMSBnhXVDExMyI2CgoKBnhXVDExMxAACgoKBnhXVDExMhABCgoKBnhXVDExMRAACgcKA3hBMBAACgcKA3hBMhAA&sign=hW2IsKTsmWwnhqsZaCLbl785dJ9F9ooGXxXZc-rwhjTRg_1c9yZC-jADpIkv4cm1w2iehx9wuJ8CajlgO0qWFg&extg=874b00&ftype=693&svrbypass=AAuL%2FQsFAAABAAAAAACkBDAaGeHQcVk9PepAahAAAADnaHZTnGbFfAj9RgZXfw6VWdqXCBXTUL3Y6i8YzWOG%2FG1wQMJXfrtMUaXpieHBKk702deconf5aO8%3D&svrnonce=1782639165,1297303061
14914034160000047372,12757029626501514954_0_0_2_0_1782639165727495_51dd1e50-72d4-11f1-a88a-e58ef8931e77,陈厂长的AI商业论,传统saas系统值钱的只是数据库#saas#AI#AI时代#商业#陈厂长,1777891416,0,17,25,13,6,http://wxapp.tc.qq.com/251/20302/stodownload?encfilekey=Cvvj5Ix3eewK0tHtibORqcsqchXNh0Gf3sJcaYqC2rQAAh9qiafA0TFHNo3FibA4EPxwZdv2oNQVn3h8hDFUu6A8fEiaZYLqV6SwUGibvvVejShqFQaibYAD2lQkPt6A8GC7wl&bizid=1023&dotrans=0&hy=SH&idx=1&m=&uzid=7a22e&token=ic1n0xDG6awibmzgzocBKD91d4Ivian4K1QYkfZd4EibHGkX2fcSWa0arBANbSIoicsZevs9mXyNcDFQauaNDOq4fJlcyJ9eDNic6GyicvdibfD0rb39XhDO1BicC6Uia6iaibyYvZ4q8NrrvBHxJxmniaemQkWbx263WLMGLiaVjicx2ULTELgMszYtj25h6E7SicsFGnOHw7Wk2VfzoQwtAYJ2VKyiclibrXmc12eFx6WiatibicZGGBnVdqk4&basedata=CAMSBnhXVDExMyI2CgoKBnhXVDExMxAACgoKBnhXVDExMhABCgoKBnhXVDExMRAACgcKA3hBMBAACgcKA3hBMhAA&sign=Xyee1fInHIFolYBw_uCarHWM7qBGmIfLvUnYjZPlyq55PkhyKAVPTEhD02M1ZsYYEE4U7FlHY5n0_46yQBEw3w&extg=474b00&ftype=693&svrbypass=AAuL%2FQsFAAABAAAAAABd%2BUvMKxnejwljPepAahAAAADnaHZTnGbFfAj9RgZXfw6VWdqXCBXTUMvb0n895EOH%2FG1wQMJXfrtMUWguS83uveBUEY5szWXXOqQ%3D&svrnonce=1782639165,140546380
14912260690825386260,14050800903102492957_0_0_2_0_1782639165727495_51dd1e50-72d4-11f1-a88a-e58ef8931e77,陈厂长的AI商业论,不追求用AI生产99分的内容，而是暴力生产80分的内容#AI#AI写文案#AI时代#商业#陈厂长,1777680002,0,26,35,51,26,http://wxapp.tc.qq.com/251/20302/stodownload?encfilekey=Cvvj5Ix3eewK0tHtibORqcsqchXNh0Gf3sJcaYqC2rQDz21MQiarZ79uylBBUGnKicbPodODjQFrgicNLgra7RIP6AHbgny8PvszsQBw9QBJ2lCG9Ec40vZTibGX7mC1vRiaib3&bizid=1023&dotrans=0&hy=SH&idx=1&m=&uzid=7a1fc&token=2lt8WBSnjTnYWOAbtcasW8PRrz4IoG2HxqPlozticgUibCSp90GAGQElPm7hT3q5eBu1r7ia3H3z4bKRTjIpFrO80o0aanVfxaJNHcsbQwV9034R3lrZpSiacbNCGQZFKsPAUXwdLpTyHlYgu3nNibVx6eQESZ9YrTQIpGSTr1QrL8GRey4Bx41P6XUzxZEgDxksoVkpdzBNzsybkmx5URTvGP3VSGrJUT6N4aS1p6CUU3Jk&basedata=CAMSBnhXVDExMyI2CgoKBnhXVDExMxAACgoKBnhXVDExMhABCgoKBnhXVDExMRAACgcKA3hBMBAACgcKA3hBMhAA&sign=Itr5JAfSHX0GxymI1apS-F0Str_3KA8VCxzpiq-OeBgpuiykOmUHNlfNsXVZlb9hlXtRYzdyNp9YGxh1rE2quQ&extg=874b00&ftype=693&svrbypass=AAuL%2FQsFAAABAAAAAABKUkldRGYjBr0vPepAahAAAADnaHZTnGbFfAj9RgZXfw6VWdqXCBXTUNPbnjwdxy6C%2FG1wQMJXfrtMUXOSiaiCM2DKYn3qsWIIsAs%3D&svrnonce=1782639165,1652095939
14911535901938292996,8210714074235290656_0_0_2_0_1782639165727495_51dd1e50-72d4-11f1-a88a-e58ef8931e77,陈厂长的AI商业论,AI时代，匚生会被取代吗#AI#AI时代#AI医疗#陈厂长#商业认知#商业思维,1777593600,0,9,9,10,1,http://wxapp.tc.qq.com/251/20302/stodownload?encfilekey=Cvvj5Ix3eewK0tHtibORqcsqchXNh0Gf3sJcaYqC2rQDFCJHYvaiaoHia6JPeMmjPpFYHGplQ4HMnwaofX7EoBek2HPXX8GAvPTdx7ic64VicJV0C9BGGYiadXrOskTulaZMJk&bizid=1023&dotrans=0&hy=SH&idx=1&m=&uzid=7a1fc&token=ic1n0xDG6awibmzgzocBKD9wBXktsLG9h2N9jHWVtLGbACkftF1p5U46MMDoA4pMqgwBLXkBNNgApX6k9qmT5zicvQbggRkleAjFjic92RS8iaicVwyeiarqYVw1ibSDRsJn0A5JDn4S0dbIyQNG3xnE7DtkIqxDj6cfpD03f0lh8icuUaKwW201llnbzAEr2wqdfsLHyiapFoN0Wx5QMvOIeY6jgNUiap7cvaLOXgYbvk0EeDmRA0&basedata=CAMSBnhXVDExMyI2CgoKBnhXVDExMxAACgoKBnhXVDExMhABCgoKBnhXVDExMRAACgcKA3hBMBAACgcKA3hBMhAA&sign=KYpoRu7ARGgUPNlxTgzme6ZrytkqiHutHv8GCRc5kMGyMX0N46lEeOZzuZlFt4KzOk_BRcCBoD6p4XhaB2VwDQ&extg=474b00&ftype=693&svrbypass=AAuL%2FQsFAAABAAAAAADt7TU3ClhZgyQlPepAahAAAADnaHZTnGbFfAj9RgZXfw6VWdqXCBXTUMPboj0s2QuD%2FG1wQMJXfrtMUYmuOhkI5XKbAOPBwKZbyV4%3D&svrnonce=1782639165,872330901
14911269529484007712,17030144446871663059_0_0_2_0_1782639165727495_51dd1e50-72d4-11f1-a88a-e58ef8931e77,陈厂长的AI商业论,公司想要AI化，先从销售部门开始#AI#AI销售#企业AI化#商业#商业认知#陈厂长,1777561846,0,26,34,23,16,http://wxapp.tc.qq.com/251/20302/stodownload?encfilekey=Cvvj5Ix3eewK0tHtibORqcsqchXNh0Gf3sJcaYqC2rQCKNPzUQAp9qYO7fQjLAanLppJd5ZjaZ9oytqdwluTnYsZGqq7ZcA5I6YGAGXj54v52bQGlP6mX4p5ibxjIKsgQ6&bizid=1023&dotrans=0&hy=SH&idx=1&m=&uzid=7a170&token=ic1n0xDG6awibmzgzocBKD94WhhYZc2df1l5bLNy6sApg49xywrsejKXcsUFSWrRldSoicFNLibezQpb0gufrFp31z91hz6ZK20zF627US6M7icSjcmOp8pDj6qDibyOBh5BvUjCHDHp0sGE9kRerag2zk3NwGialSyMnXyQqlNgpYKuEcepodiaNYd3JMZyWJfIxMGZL8icmOBXGcIjwYvzibLPuffukyeRg185rRhxq7kJFXBA0&basedata=CAMSBnhXVDExMyI2CgoKBnhXVDExMxAACgoKBnhXVDExMhABCgoKBnhXVDExMRAACgcKA3hBMBAACgcKA3hBMhAA&sign=XPFr-ocyAnBAXWTJgylwNMtKUsT1QOQgZoHkxWGMPeE39p2ew8uxhe4YGsun2YtQWzpEjMHU5GSCmYmuQrLoRA&extg=474b00&ftype=693&svrbypass=AAuL%2FQsFAAABAAAAAAAcPeAqKeQAdWG6PepAahAAAADnaHZTnGbFfAj9RgZXfw6VWdqXCBXTUOfbshFRkU%2BM%2FG1wQMJXfrtMUST241bqmOyX5BfJGaU83rQ%3D&svrnonce=1782639165,414361123
14910478937912187140,10859314797410826410_0_0_2_0_1782639165727495_51dd1e50-72d4-11f1-a88a-e58ef8931e77,陈厂长的AI商业论,AI人工智能的厉害之处，在于它可以暴力破解人性规律#AI#AI时代#商业#智能体#人工智能#陈厂长,1777467601,0,36,38,29,23,http://wxapp.tc.qq.com/251/20302/stodownload?encfilekey=Cvvj5Ix3eewK0tHtibORqcsqchXNh0Gf3sJcaYqC2rQDcGicOXicVMaSMK8twvYzRypEfFPpsjhJCOQe5UZ45K32tvq41CIfGibCg42y9licVsiafaia5dMRlnickvL3fqOtty20&bizid=1023&dotrans=0&hy=SH&idx=1&m=&uzid=7a21a&token=ic1n0xDG6awibmzgzocBKD96emQ60WCribnl6WFRM0PAKxdfPyt03eKxCXIa7rqutpLZF9I1ich6g0EXd2dZIx30gOFvgqSXlYLqamCR95ZIhKBbTefRwl7wn1iap86J9rLIUckoWWtCT2dF1bpomjVBI4d47ic5yreyic63hC2hunFooaxwwLDu9wRYjfLYFLjSf2iaibibPZyeBVOAicVkGzOUJ8cAia3RScB6HictjM2BvGEsYsXY&basedata=CAMSBnhXVDExMyI2CgoKBnhXVDExMxAACgoKBnhXVDExMhABCgoKBnhXVDExMRAACgcKA3hBMBAACgcKA3hBMhAA&sign=gOA1HkKXHWNZ8zBfGmJD8Bxzsr3I4QqZ3TZPvKCmmOD574YyunMvFb_SmmEuqeuIybpJO2HQZ-PGubjdSqni6w&extg=474b00&ftype=693&svrbypass=AAuL%2FQsFAAABAAAAAACF%2FyI9knWjFxNjPepAahAAAADnaHZTnGbFfAj9RgZXfw6VWdqXCBXTUMPb%2FgB2tjuN%2FG1wQMJXfrtMUV02EpPGXEP46y9J25%2FXc0I%3D&svrnonce=1782639165,650981006
14910396446937192732,6967925742358391294_0_0_2_0_1782639165727495_51dd1e50-72d4-11f1-a88a-e58ef8931e77,陈厂长的AI商业论,海外AI就是比国内AI牛，这是事实#AI#AI时代#AI工具#国内AI#海外AI#陈厂长,1777457767,0,27,34,36,7,http://wxapp.tc.qq.com/251/20302/stodownload?encfilekey=Cvvj5Ix3eewK0tHtibORqcsqchXNh0Gf3sJcaYqC2rQDkicXsiaiaqxgbS94GlrtE9exUA7IQPjzf58wuVAxsmHj0REEAZZ7vOALejNFvKg2ibyacLshxibRNXAk3IyZ9nxJEZ&bizid=1023&dotrans=0&hy=SH&idx=1&m=&uzid=7a15c&token=2lt8WBSnjTnYWOAbtcasWzWFqjKsr8FMJVjly0QIAnqQpSLLJkgfr0Ul5OqNibyczd5icTs6zlgWm6CgzU6Z9HZdMkZog9VPBNTSd6tXYmIb0ZsTTBDmF762rclbu7vVxq5unicQfqhBnjIJnp0kDhMibpPfpMCmQovbzWdrOo0X0ib5iaKKIuM9Jic7pyCIQGotiaVAIMQBnGKQSRmMXqZwVSQcwVQfswySIe2J91o7olLMDFw&basedata=CAMSBnhXVDExMyI2CgoKBnhXVDExMxAACgoKBnhXVDExMhABCgoKBnhXVDExMRAACgcKA3hBMBAACgcKA3hBMhAA&sign=ev3WgwvRJ7is-1S2X_keNX-51RUWMglZBL--TbFdkFe_4edwQVG0Eu5ujGCuUGONLfl89i-MO5njEwi44ZEDWw&extg=874b00&ftype=693&svrbypass=AAuL%2FQsFAAABAAAAAAAxANdbrTAu%2BXJWPepAahAAAADnaHZTnGbFfAj9RgZXfw6VWdqXCBXTUNvb8hZv1waN%2FG1wQMJXfrtMUeC8k%2BxGdFSLwLnCS01MerQ%3D&svrnonce=1782639165,1621343644
14909754172751747351,481541822251626661_0_0_2_0_1782639165727495_51dd1e50-72d4-11f1-a88a-e58ef8931e77,陈厂长的AI商业论,AI销售，让销售的成交更高效，成交率更高#AI#AI销售#AI时代#商业认知#商业思维#陈厂长#陈灏,1777381202,0,39,46,41,21,http://wxapp.tc.qq.com/251/20302/stodownload?encfilekey=Cvvj5Ix3eewK0tHtibORqcsqchXNh0Gf3sJcaYqC2rQDqIibT0LVQnjl1CT5dycLk56ddpnwhvkywuYNDK1Y0yDdwkWv3KS6CtUSZMfP2icLK1gXpJhHGhHCc97gqA8BSxq&bizid=1023&dotrans=0&hy=SH&idx=1&m=&uzid=7a21a&token=ic1n0xDG6awibmzgzocBKD9yrkyRyL1ibFMWltMMYRLqXFLTbePtxmH8Dq3rpy1IAfbHU6ob7ZibLiaxzBoED1UMiaxheUX3soBtY8nuCoYHM2w0gceERd0BLKI4TFDxoWevRQXgLqvxfpCic3T8nL138OHLbricKPpnVNdSW1QYBYZyPLznseOKc0Np4vtCQGiaT4KPw4y96HJNyMibibmveJXSqJwsPGntajx3Ecgpwf2fOsJqjc&basedata=CAMSBnhXVDExMyI2CgoKBnhXVDExMxAACgoKBnhXVDExMhABCgoKBnhXVDExMRAACgcKA3hBMBAACgcKA3hBMhAA&sign=F-NdUFlBHeOa1aNSWs1wg8hWzuEGLh2Xv72tWr_5pOC8v0lewKfJqf6sELPpfRn7ZoxR0IflLur-14Qqya3x_w&extg=874b00&ftype=693&svrbypass=AAuL%2FQsFAAABAAAAAADS3uKqHi%2B3UYLzPepAahAAAADnaHZTnGbFfAj9RgZXfw6VWdqXCBXTUNDbonM%2ByBSO%2FG1wQMJXfrtMUbZ1zK%2BsFY3O8SZ43plL3wI%3D&svrnonce=1782639165,625954922
14909676813847501087,9493203360429059680_0_0_2_0_1782639165727495_51dd1e50-72d4-11f1-a88a-e58ef8931e77,陈厂长的AI商业论,AI时代，AI教育隐藏着巨大的商业机会#AI#AI时代#AI教育#教培#商业#商业认知#商业思维#陈厂长#陈灏,1777371980,0,7,11,18,5,http://wxapp.tc.qq.com/251/20302/stodownload?encfilekey=Cvvj5Ix3eewK0tHtibORqcsqchXNh0Gf3sJcaYqC2rQD6zREDCpBrtypzE7YSHko55kRCyToRIgeeZH8JiaQRLAkfENLnhHxXqEsdDOr6aJJkA23a5n2SoYxicX9hskpwrL&bizid=1023&dotrans=0&hy=SH&idx=1&m=&uzid=7a1ac&token=ic1n0xDG6awibmzgzocBKD9icOAPfiaZr2c1CyLbck2NONeTIzmjZdvibCCw3VYmQDejMFR5eNeQ1DH9G9MFcUdH1tQ6oyRQ60T8pduo5LvxZ3jFH3p8icjdLrRiaP7qaiahIWiaia1I7amFORoQZlDtWhySiawI1vGhWgZwL1o47TiaJCdPxUOEOUXeiaia5RbZibtDdGyttTUu3f2nG0HbianYzByYdZ5B732XNibUvolic79GGubSmBibJM&basedata=CAMSBnhXVDExMyI2CgoKBnhXVDExMxAACgoKBnhXVDExMhABCgoKBnhXVDExMRAACgcKA3hBMBAACgcKA3hBMhAA&sign=flJSJa_F9_JHBwoMDSv5MQBjWIPPFsIx7I_sD2cF_w6udCqFT_rWIW_2agRaq9zrsNE_eStpM0nVXIchYKj_kA&extg=474b00&ftype=693&svrbypass=AAuL%2FQsFAAABAAAAAADX3ylOJur8zFZOPepAahAAAADnaHZTnGbFfAj9RgZXfw6VWdqXCBXTUNjbugNhh2WP%2FG1wQMJXfrtMUX3Daq0kQ%2BjkXYCQrQJ1z7M%3D&svrnonce=1782639165,208280884
14908999193473521960,16297740629017268692_0_0_2_0_1782639165727495_51dd1e50-72d4-11f1-a88a-e58ef8931e77,陈厂长的AI商业论,"低配得感只有失败，高配得感才能主导成功#配得感#人生#人生经历#商业#赚钱#陈厂长#陈灏#修行
",1777291201,0,5,17,13,1,http://wxapp.tc.qq.com/251/20302/stodownload?encfilekey=Cvvj5Ix3eewK0tHtibORqcsqchXNh0Gf3sJcaYqC2rQBF3iaF4meJfy0mYKhHhwPvoehXQcqTD6IKwpMSjKXylH2oX1MDfxYZDuibkSvFLPcjyPJibuicQqibia2QnnhfM7kuWp&bizid=1023&dotrans=0&hy=SH&idx=1&m=&uzid=7a1b6&token=2lt8WBSnjTnYWOAbtcasWzBN72VJaQNyWa7HVRRlarvo2ZFs6keJMJPmGO0a4XWYRrGiakKLiandTPOo8rP64nUq87uG4l5U3EFDccQF1icibEic8cYcaedFfdjXkvJW71avAv1JRQicNsIHTbvrAib4Fp8iavhicsM0ibrQnzP95kzqe5GgicJFricny9FiaG3Rel3Ij7MUhx0tTu4JTt7GdDf1POTqC5BzOXLfL452r9YI1xd8SCVg&basedata=CAMSBnhXVDExMyI2CgoKBnhXVDExMxAACgoKBnhXVDExMhABCgoKBnhXVDExMRAACgcKA3hBMBAACgcKA3hBMhAA&sign=Sa5ngABRQrKixCGSUllbUGeahKtW3esaTThGt5WB_eAKSTLseAMgGJftkgA9QiQHNJpacsj6_X6J37p1ImhTyw&extg=474b00&ftype=693&svrbypass=AAuL%2FQsFAAABAAAAAABkfY%2FAwhCZM4IrPepAahAAAADnaHZTnGbFfAj9RgZXfw6VWdqXCBXTUO%2Fb%2FnUV%2FUiI%2FG1wQMJXfrtMUTDY%2FeKdWHcRPjxSIxo91bk%3D&svrnonce=1782639165,1967767916
14908927568678885633,1447838967479935771_0_0_2_0_1782639165727495_51dd1e50-72d4-11f1-a88a-e58ef8931e77,陈厂长的AI商业论,厌蠢的人赚不了大钱#厌蠢#慕强#商业认知#陈厂长#赚钱思维#商业思维,1777282663,0,16,15,24,3,http://wxapp.tc.qq.com/251/20302/stodownload?encfilekey=Cvvj5Ix3eewK0tHtibORqcsqchXNh0Gf3sJcaYqC2rQBFlXFnLUx5YzFFQddPA9lOoByGU1iadDNZEiakoLRfiaZLIXsXLxEsuQtLhTTBrKSBWEGxiciactnMsqv1sPM4dq0TD&bizid=1023&dotrans=0&hy=SH&idx=1&m=&uzid=7a1fc&token=ic1n0xDG6awibmzgzocBKD9w6DNqE5hwmhDWZHOPXVybEyqVcB0z2aWBtTIyvEHUN9VCsY0CHE5QBzOqN388U3k7wElH6Gena9FNoFqDb9SicbwuQ64cSla1aNP9iav1tbEjeickzI1SA9YiamxmsFIFfO1cyIoZJ5EWaKk2diahHAfcYEPKEIAV2hJiakWVeUBDNA2e9jN9MPGq6O8WPblqcPClmPTEOhcbng38vvUQ16WTukE&basedata=CAMSBnhXVDExMyI2CgoKBnhXVDExMxAACgoKBnhXVDExMhABCgoKBnhXVDExMRAACgcKA3hBMBAACgcKA3hBMhAA&sign=9q6YDM6U8h3eROsAeCGa0PccL-r3fRcxsLR2cqhQ0r9xgACNb8MWiHv5QEAkxQL7JJimokP0mFLAnx_B_MsfFw&extg=474b00&ftype=693&svrbypass=AAuL%2FQsFAAABAAAAAAAuuk7FQBQmW0TGPepAahAAAADnaHZTnGbFfAj9RgZXfw6VWdqXCBXTUMbbumBS0ViI%2FG1wQMJXfrtMUTJhhazScZFA%2Fa%2BsMCLb5ag%3D&svrnonce=1782639165,687857533
14908244214428801316,9813133523490614525_0_0_2_0_1782639165727495_51dd1e50-72d4-11f1-a88a-e58ef8931e77,陈厂长的AI商业论,行业专家如何在AI时代赚钱？#AI#行业专家#AI时代#商业#商业认知#陈厂长#智能体,1777201201,0,184,174,159,237,http://wxapp.tc.qq.com/251/20302/stodownload?encfilekey=Cvvj5Ix3eewK0tHtibORqcsqchXNh0Gf3sJcaYqC2rQBf56MZXjumQ8VNkVSDfoMUVAm2npVuiaynpsL9bC9sLPjgBon329aXeGuw0xZ4bCFQIlNSQiaI3V79N0BZvrKdtH&bizid=1023&dotrans=0&hy=SH&idx=1&m=&uzid=7a166&token=ic1n0xDG6awibmzgzocBKD95icZkT9XmPsPuVYawibNOvUMtkvLdKLHoY4PJ0UfZiceX8icl33kMw3AMmk0oicgib7gkqEXXOIB6jGtRIL9ppcdFyYzVSN4UflEHlM60moq3TJdiapJicQxfmdDH6XyDicqwAD0UW9Y3eAMuHwgGpCnFoWxibpZLibRkTZbmYD9iaN5yMePPV9ucuM9QicRBTgyvy7sZMsk7brSb6CqWq0gjGI7gczxvibU&basedata=CAMSBnhXVDExMyI2CgoKBnhXVDExMxAACgoKBnhXVDExMhABCgoKBnhXVDExMRAACgcKA3hBMBAACgcKA3hBMhAA&sign=IWnNU-gvT8KN3Xd59Fz8pODi02SO-Z_op8Y-7pmwVfgY2lVVlJo1WCotD1C1e5sx4qI3_cpyYQf1IyFMQN4iDA&extg=874b00&ftype=693&svrbypass=AAuL%2FQsFAAABAAAAAABxKdDmJNkFvEy5PepAahAAAADnaHZTnGbFfAj9RgZXfw6VWdqXCBXTUOPbhmdxoT%2BJ%2FG1wQMJXfrtMUa1zj%2FxBS%2FJl3ubhKKawwm4%3D&svrnonce=1782639165,539091606
14907912023979137308,2731316815205140386_0_0_2_0_1782639165727495_51dd1e50-72d4-11f1-a88a-e58ef8931e77,陈厂长的AI商业论,员工不好管理，让AI替你管理#AI#AI管理#AI时代#商业#商业认知#陈厂长,1777161601,0,8,10,15,6,http://wxapp.tc.qq.com/251/20302/stodownload?encfilekey=Cvvj5Ix3eewK0tHtibORqcsqchXNh0Gf3sJcaYqC2rQAnXdlAm5yV3PHjP563hK0j21N6GhBsz3iarr2eQBwrF9X4UibiaNxZurYJv6GW1hL6I4V77QQ8YMwzKqkDia1QQaibe&bizid=1023&dotrans=0&hy=SH&idx=1&m=&uzid=7a170&token=ic1n0xDG6awibmzgzocBKD90TGd1XMqQlnkCqM3AH0HiaEnQWy88RBu0z89kbwpZN9dwcltSTZSUia8JOMnaG0JH4hlLRMia5MVUbdoDnqiczaDrUZ6ZAvic4nvDe6YdJHwpRYpqwCh8hGg61JRN6oyWkoaRWhK5yibJJxquClDbA89icBvGwXv2rmTVFTZ1Z4epLkkQ5j4NZkibQdAno2362KrB8cryeIpKuP9poVf0BVYpJHmJ8&basedata=CAMSBnhXVDExMyI2CgoKBnhXVDExMxAACgoKBnhXVDExMhABCgoKBnhXVDExMRAACgcKA3hBMBAACgcKA3hBMhAA&sign=lmEhe7jKBqKh0mSNoig9-1pr5jDknB_PL1s1yHh_L--_W9dZYS_ZQkgpot_hYWWrU8UkhFRg91W4xBlbjEhMiw&extg=474b00&ftype=693&svrbypass=AAuL%2FQsFAAABAAAAAAAvYgsXM7vKVGl%2BPepAahAAAADnaHZTnGbFfAj9RgZXfw6VWdqXCBXTUNvbhklz5XOK%2FG1wQMJXfrtMUSH1GnHRaWoj%2B684nSmLYHc%3D&svrnonce=1782639165,660305729
14907519438983141804,7622847793684080081_0_0_2_0_1782639165727495_51dd1e50-72d4-11f1-a88a-e58ef8931e77,陈厂长的AI商业论,AI时代掉队，你将被彻底淘汰#AI#AI时代#商业认知#陈厂长#智能体#AI创业,1777114801,0,5,8,19,5,http://wxapp.tc.qq.com/251/20302/stodownload?encfilekey=Cvvj5Ix3eewK0tHtibORqcsqchXNh0Gf3sJcaYqC2rQAkkgGarBPbloib8Xpt7LHhrfhucqowDicfibVwZadJKWJXElArdroxACO06AsicUqcrWZ5Y7zLfibRSUyaQWoQCFF3j&bizid=1023&dotrans=0&hy=SH&idx=1&m=&uzid=7a152&token=ic1n0xDG6awibmzgzocBKD92XbhQpE1Wgbnj2ThsvO1HNwz5Pz303EGdwgx0sHert3GiagysQ91MletFxbtfS0NQSUvLIu2OfXttDc9TU7Z2gbEo1X9ChExPMqKMia5xzMS14vBibwcAgajRjZUfe3UOq2Oib4BYsicQkYLoyOAwXAFpSQa4gDfDicEDLdIGfxd5J1z1VF4s0szE17kdxWm8g86ZhkkOM4vy3icibr3kO3SDuOu10&basedata=CAMSBnhXVDExMyI2CgoKBnhXVDExMxAACgoKBnhXVDExMhABCgoKBnhXVDExMRAACgcKA3hBMBAACgcKA3hBMhAA&sign=DDAv6myQymFtoSVefOx-iHUOE-QZG_jdogdwzlGo4rT_DP-v0od7Bl_J9qrgYRXliFmlLkICY8kONkQFkuzUIg&extg=474b00&ftype=693&svrbypass=AAuL%2FQsFAAABAAAAAACCIC1XVSerbowoPepAahAAAADnaHZTnGbFfAj9RgZXfw6VWdqXCBXTUOva%2Bn9WuxiK%2FG1wQMJXfrtMUd7upORn3y26SO0NUIe0OwU%3D&svrnonce=1782639165,369645548
14907459037065583006,103667955973723273_0_0_2_0_1782639165727495_51dd1e50-72d4-11f1-a88a-e58ef8931e77,陈厂长的AI商业论,"AI赋能企业，赚到AI时代的这波巨额财富#AI#AI时代#商业#智能体#商业认知#AI创业#陈厂长
",1777107600,0,8,9,16,4,http://wxapp.tc.qq.com/251/20302/stodownload?encfilekey=Cvvj5Ix3eewK0tHtibORqcsqchXNh0Gf3sJcaYqC2rQCKdve4GG1AFZrI09MYibceib84JPuIJaNHlfelhiaGEbBic2uEnbQjex1zmawXb4q2xEBXTibgfOdibN7cv5icUSB8frT&bizid=1023&dotrans=0&hy=SH&idx=1&m=&uzid=7a22e&token=2lt8WBSnjTnYWOAbtcasW7ES83GwsgDrIb6vvysQ2jVcmMogPPA8fzfVKWOMTUw7AiaHw5bQyTnIpW0ZuwuWJDMqP3exvXvJgq5hVbIgfxYlFs4q2icYL5kO4elD2ZuC7zMiaWAlIxo4shkdb0uvsicrUiacynPIqiaaoNuycROu7xFfGHc4mmzWsJQ2dxTWdf0tK97wcDIquVKfzdK9zN2p2TbFkWp2gbEvSsKaGT5O0dcOo&basedata=CAMSBnhXVDExMyI2CgoKBnhXVDExMxAACgoKBnhXVDExMhABCgoKBnhXVDExMRAACgcKA3hBMBAACgcKA3hBMhAA&sign=ThbPXZSQckf2r0ap6xSMzbhuj9Jj1tJQINnuq_K-jtQn5Z2eib5-ANFxp8Pca6caIrNJTs2YxEwPHEd39zLo0A&extg=474b00&ftype=693&svrbypass=AAuL%2FQsFAAABAAAAAABtbyLtAjm9%2BBjZPepAahAAAADnaHZTnGbFfAj9RgZXfw6VWdqXCBXTUNna3lZf5WqL%2FG1wQMJXfrtMUUDDzFl7QX7LXznL3Aioozw%3D&svrnonce=1782639165,1789311216
